date,game,platform,revenue_usd,dau,downloads
2025-01-01,블루 아카이브,AOS,157560.97,402625.0,5885
2025-01-01,블루 아카이브,iOS,170724.24,245575.0,2450
2025-01-02,블루 아카이브,AOS,100346.89,386495.0,5181
2025-01-02,블루 아카이브,iOS,92768.41,231608.0,1906
2025-01-03,블루 아카이브,AOS,87543.82,374421.0,5217
2025-01-03,블루 아카이브,iOS,78687.85,220188.0,1929
2025-01-04,블루 아카이브,AOS,72270.35,382823.0,5421
2025-01-04,블루 아카이브,iOS,63633.75,237169.0,2324
2025-01-05,블루 아카이브,AOS,61793.89,352278.0,4324
2025-01-05,블루 아카이브,iOS,59104.16,219049.0,2216
2025-01-06,블루 아카이브,AOS,64934.61,345106.0,3470
2025-01-06,블루 아카이브,iOS,57576.95,206862.0,1593
2025-01-07,블루 아카이브,AOS,65432.08,364040.0,2932
2025-01-07,블루 아카이브,iOS,56084.92,216810.0,1480
2025-01-08,블루 아카이브,AOS,62322.07,380779.0,2899
2025-01-08,블루 아카이브,iOS,91296.51,229683.0,1448
2025-01-09,블루 아카이브,AOS,68320.96,356541.0,2562
2025-01-09,블루 아카이브,iOS,95962.22,220780.0,1582
2025-01-10,블루 아카이브,AOS,75137.11,340323.0,2757
2025-01-10,블루 아카이브,iOS,67663.49,207008.0,1678
2025-01-11,블루 아카이브,AOS,83659.79,337312.0,2951
2025-01-11,블루 아카이브,iOS,64841.87,221665.0,2188
2025-01-12,블루 아카이브,AOS,69456.43,326307.0,2679
2025-01-12,블루 아카이브,iOS,53814.58,212130.0,2182
2025-01-13,블루 아카이브,AOS,65929.26,337781.0,2320
2025-01-13,블루 아카이브,iOS,50358.38,212180.0,1831
2025-01-14,블루 아카이브,AOS,54140.29,345606.0,2507
2025-01-14,블루 아카이브,iOS,48097.02,211816.0,1695
2025-01-15,블루 아카이브,AOS,50207.69,348818.0,2749
2025-01-15,블루 아카이브,iOS,56345.45,224292.0,1895
2025-01-16,블루 아카이브,AOS,52221.07,356838.0,2789
2025-01-16,블루 아카이브,iOS,47180.94,224730.0,1886
2025-01-17,블루 아카이브,AOS,59304.84,348928.0,3658
2025-01-17,블루 아카이브,iOS,51746.36,215551.0,1968
2025-01-18,블루 아카이브,AOS,77701.26,366407.0,6510
2025-01-18,블루 아카이브,iOS,54714.96,232318.0,2414
2025-01-19,블루 아카이브,AOS,113108.01,470762.0,5906
2025-01-19,블루 아카이브,iOS,288489.04,301570.0,3826
2025-01-20,블루 아카이브,AOS,144063.09,544467.0,6038
2025-01-20,블루 아카이브,iOS,766556.99,362315.0,4869
2025-01-21,블루 아카이브,AOS,139975.18,556692.0,7138
2025-01-21,블루 아카이브,iOS,550243.27,374119.0,5184
2025-01-22,블루 아카이브,AOS,121129.44,580937.0,7367
2025-01-22,블루 아카이브,iOS,274267.69,380863.0,4562
2025-01-23,블루 아카이브,AOS,456399.83,644736.0,9604
2025-01-23,블루 아카이브,iOS,422970.84,396612.0,4411
2025-01-24,블루 아카이브,AOS,562449.24,633897.0,14206
2025-01-24,블루 아카이브,iOS,312069.82,400844.0,4380
2025-01-25,블루 아카이브,AOS,814595.42,651293.0,15110
2025-01-25,블루 아카이브,iOS,272161.53,399592.0,4757
2025-01-26,블루 아카이브,AOS,683229.15,640479.0,11563
2025-01-26,블루 아카이브,iOS,388009.82,414213.0,5642
2025-01-27,블루 아카이브,AOS,670939.08,646624.0,9121
2025-01-27,블루 아카이브,iOS,1194989.18,419914.0,4850
2025-01-28,블루 아카이브,AOS,716631.80,637921.0,8767
2025-01-28,블루 아카이브,iOS,1257625.07,396877.0,4651
2025-01-29,블루 아카이브,AOS,587815.92,593382.0,6978
2025-01-29,블루 아카이브,iOS,652318.71,367727.0,4086
2025-01-30,블루 아카이브,AOS,473211.27,575125.0,6623
2025-01-30,블루 아카이브,iOS,480540.27,350728.0,3749
2025-01-31,블루 아카이브,AOS,849884.51,577751.0,7720
2025-01-31,블루 아카이브,iOS,305776.96,346276.0,3550
2025-02-01,블루 아카이브,AOS,780600.10,546212.0,7472
2025-02-01,블루 아카이브,iOS,525831.99,330843.0,3774
2025-02-02,블루 아카이브,AOS,358697.64,541826.0,5546
2025-02-02,블루 아카이브,iOS,355463.15,339452.0,3868
2025-02-03,블루 아카이브,AOS,255997.94,490256.0,4329
2025-02-03,블루 아카이브,iOS,358895.38,296316.0,2904
2025-02-04,블루 아카이브,AOS,191262.78,485495.0,4117
2025-02-04,블루 아카이브,iOS,170587.75,288144.0,2852
2025-02-05,블루 아카이브,AOS,178076.38,500344.0,3960
2025-02-05,블루 아카이브,iOS,109895.57,294179.0,3024
2025-02-06,블루 아카이브,AOS,143254.57,446699.0,3402
2025-02-06,블루 아카이브,iOS,67200.33,258659.0,2946
2025-02-07,블루 아카이브,AOS,175807.77,473060.0,3729
2025-02-07,블루 아카이브,iOS,64996.28,273614.0,2877
2025-02-08,블루 아카이브,AOS,135622.27,445508.0,3846
2025-02-08,블루 아카이브,iOS,54307.95,263608.0,3033
2025-02-09,블루 아카이브,AOS,77827.09,429150.0,3122
2025-02-09,블루 아카이브,iOS,50593.87,267695.0,3062
2025-02-10,블루 아카이브,AOS,62024.37,404144.0,2890
2025-02-10,블루 아카이브,iOS,55493.73,250663.0,2534
2025-02-11,블루 아카이브,AOS,71083.02,435949.0,2800
2025-02-11,블루 아카이브,iOS,53492.63,271947.0,2685
2025-02-12,블루 아카이브,AOS,65886.98,417208.0,2719
2025-02-12,블루 아카이브,iOS,139181.54,264590.0,2550
2025-02-13,블루 아카이브,AOS,77585.50,407391.0,2586
2025-02-13,블루 아카이브,iOS,116246.03,255875.0,2147
2025-02-14,블루 아카이브,AOS,71186.63,408281.0,2828
2025-02-14,블루 아카이브,iOS,79289.61,248070.0,1952
2025-02-15,블루 아카이브,AOS,67411.07,388456.0,3257
2025-02-15,블루 아카이브,iOS,66675.18,246325.0,2705
2025-02-16,블루 아카이브,AOS,63181.52,388425.0,2677
2025-02-16,블루 아카이브,iOS,59645.70,253116.0,2617
2025-02-17,블루 아카이브,AOS,62291.84,393552.0,2606
2025-02-17,블루 아카이브,iOS,57551.36,247508.0,1724
2025-02-18,블루 아카이브,AOS,60154.83,387370.0,2493
2025-02-18,블루 아카이브,iOS,49277.79,241488.0,1624
2025-02-19,블루 아카이브,AOS,58041.08,386897.0,2390
2025-02-19,블루 아카이브,iOS,46313.17,241159.0,1639
2025-02-20,블루 아카이브,AOS,62099.24,377812.0,2363
2025-02-20,블루 아카이브,iOS,44248.60,236546.0,1590
2025-02-21,블루 아카이브,AOS,60628.09,378826.0,2727
2025-02-21,블루 아카이브,iOS,37129.42,235276.0,1833
2025-02-22,블루 아카이브,AOS,59077.39,359366.0,3003
2025-02-22,블루 아카이브,iOS,49796.76,235041.0,2604
2025-02-23,블루 아카이브,AOS,55313.56,382099.0,2628
2025-02-23,블루 아카이브,iOS,38216.76,246638.0,2425
2025-02-24,블루 아카이브,AOS,54699.46,362612.0,2179
2025-02-24,블루 아카이브,iOS,38130.30,234398.0,1747
2025-02-25,블루 아카이브,AOS,53653.11,376637.0,2411
2025-02-25,블루 아카이브,iOS,37333.62,236595.0,1525
2025-02-26,블루 아카이브,AOS,71131.79,370124.0,2591
2025-02-26,블루 아카이브,iOS,120216.77,235624.0,1510
2025-02-27,블루 아카이브,AOS,90215.08,370906.0,2573
2025-02-27,블루 아카이브,iOS,144068.49,227191.0,1562
2025-02-28,블루 아카이브,AOS,173586.42,344565.0,2931
2025-02-28,블루 아카이브,iOS,111149.94,219435.0,1651
2025-03-01,블루 아카이브,AOS,135096.37,345407.0,3075
2025-03-01,블루 아카이브,iOS,126442.18,234250.0,2419
2025-03-02,블루 아카이브,AOS,97022.94,337686.0,2653
2025-03-02,블루 아카이브,iOS,50095.70,232581.0,2342
2025-03-03,블루 아카이브,AOS,84034.52,339717.0,2342
2025-03-03,블루 아카이브,iOS,40653.91,215497.0,1495
2025-03-04,블루 아카이브,AOS,69681.99,345493.0,2420
2025-03-04,블루 아카이브,iOS,40180.50,213534.0,1364
2025-03-05,블루 아카이브,AOS,51987.09,335827.0,2327
2025-03-05,블루 아카이브,iOS,33627.62,206883.0,1378
2025-03-06,블루 아카이브,AOS,48581.27,335136.0,2385
2025-03-06,블루 아카이브,iOS,43583.21,207590.0,1330
2025-03-07,블루 아카이브,AOS,55440.28,335087.0,2899
2025-03-07,블루 아카이브,iOS,58808.73,217753.0,1530
2025-03-08,블루 아카이브,AOS,55434.95,342867.0,3115
2025-03-08,블루 아카이브,iOS,40003.48,238916.0,2523
2025-03-09,블루 아카이브,AOS,53886.36,331240.0,2350
2025-03-09,블루 아카이브,iOS,37495.66,227432.0,2477
2025-03-10,블루 아카이브,AOS,47974.49,332454.0,2223
2025-03-10,블루 아카이브,iOS,44526.60,212959.0,1555
2025-03-11,블루 아카이브,AOS,47073.23,341134.0,2267
2025-03-11,블루 아카이브,iOS,52861.02,216855.0,1461
2025-03-12,블루 아카이브,AOS,43593.47,340599.0,2254
2025-03-12,블루 아카이브,iOS,40441.22,215241.0,1439
2025-03-13,블루 아카이브,AOS,58583.41,340589.0,2139
2025-03-13,블루 아카이브,iOS,44931.05,203109.0,1553
2025-03-14,블루 아카이브,AOS,76742.19,330860.0,2307
2025-03-14,블루 아카이브,iOS,38676.75,207832.0,1761
2025-03-15,블루 아카이브,AOS,71226.90,325066.0,2678
2025-03-15,블루 아카이브,iOS,29173.34,226248.0,2725
2025-03-16,블루 아카이브,AOS,63955.50,331626.0,2391
2025-03-16,블루 아카이브,iOS,27622.42,221131.0,2576
2025-03-17,블루 아카이브,AOS,60578.53,328455.0,2182
2025-03-17,블루 아카이브,iOS,31676.32,204118.0,1573
2025-03-18,블루 아카이브,AOS,82586.29,346681.0,2391
2025-03-18,블루 아카이브,iOS,77158.14,204139.0,1541
2025-03-19,블루 아카이브,AOS,81439.17,353424.0,2506
2025-03-19,블루 아카이브,iOS,135864.33,206951.0,1640
2025-03-20,블루 아카이브,AOS,93200.55,358648.0,2524
2025-03-20,블루 아카이브,iOS,132133.55,206417.0,1636
2025-03-21,블루 아카이브,AOS,95546.31,324492.0,2703
2025-03-21,블루 아카이브,iOS,85523.74,200192.0,1692
2025-03-22,블루 아카이브,AOS,96821.27,339622.0,3094
2025-03-22,블루 아카이브,iOS,64234.76,219919.0,2677
2025-03-23,블루 아카이브,AOS,89629.50,335410.0,2924
2025-03-23,블루 아카이브,iOS,49661.94,216764.0,2608
2025-03-24,블루 아카이브,AOS,83384.67,329567.0,2833
2025-03-24,블루 아카이브,iOS,48251.84,197652.0,1681
2025-03-25,블루 아카이브,AOS,95103.08,341654.0,2691
2025-03-25,블루 아카이브,iOS,51529.39,200873.0,1467
2025-03-26,블루 아카이브,AOS,82514.91,343769.0,2457
2025-03-26,블루 아카이브,iOS,100884.22,201445.0,1500
2025-03-27,블루 아카이브,AOS,81471.45,338230.0,2387
2025-03-27,블루 아카이브,iOS,133148.88,204962.0,1479
2025-03-28,블루 아카이브,AOS,105108.48,328536.0,2635
2025-03-28,블루 아카이브,iOS,71692.84,196952.0,1640
2025-03-29,블루 아카이브,AOS,95979.42,318136.0,2612
2025-03-29,블루 아카이브,iOS,47344.18,211707.0,2480
2025-03-30,블루 아카이브,AOS,90397.13,315087.0,2487
2025-03-30,블루 아카이브,iOS,36600.79,211343.0,2213
2025-03-31,블루 아카이브,AOS,123055.15,314117.0,2420
2025-03-31,블루 아카이브,iOS,47300.33,195531.0,1460
2025-04-01,블루 아카이브,AOS,127006.73,327802.0,2732
2025-04-01,블루 아카이브,iOS,97296.19,204855.0,1448
2025-04-02,블루 아카이브,AOS,55358.58,308716.0,2557
2025-04-02,블루 아카이브,iOS,51979.01,187850.0,1370
2025-04-03,블루 아카이브,AOS,47473.79,308481.0,2384
2025-04-03,블루 아카이브,iOS,34390.83,191289.0,1517
2025-04-04,블루 아카이브,AOS,55070.53,294921.0,2166
2025-04-04,블루 아카이브,iOS,39844.52,191042.0,2276
2025-04-05,블루 아카이브,AOS,51928.34,283140.0,2444
2025-04-05,블루 아카이브,iOS,32632.98,189689.0,2268
2025-04-06,블루 아카이브,AOS,43477.09,303408.0,2099
2025-04-06,블루 아카이브,iOS,30943.32,207525.0,2142
2025-04-07,블루 아카이브,AOS,31594.70,296314.0,1831
2025-04-07,블루 아카이브,iOS,27865.61,186442.0,1435
2025-04-08,블루 아카이브,AOS,33257.81,294165.0,1906
2025-04-08,블루 아카이브,iOS,29325.08,183908.0,1296
2025-04-09,블루 아카이브,AOS,34147.25,306044.0,1809
2025-04-09,블루 아카이브,iOS,126761.76,183366.0,1205
2025-04-10,블루 아카이브,AOS,93174.73,288024.0,1856
2025-04-10,블루 아카이브,iOS,157317.10,171080.0,1177
2025-04-11,블루 아카이브,AOS,97648.71,291316.0,2249
2025-04-11,블루 아카이브,iOS,85487.10,174973.0,1390
2025-04-12,블루 아카이브,AOS,91895.80,311856.0,2639
2025-04-12,블루 아카이브,iOS,75019.17,195410.0,2127
2025-04-13,블루 아카이브,AOS,82777.12,321573.0,2206
2025-04-13,블루 아카이브,iOS,56397.60,200379.0,2009
2025-04-14,블루 아카이브,AOS,84020.43,320682.0,2075
2025-04-14,블루 아카이브,iOS,44883.83,182043.0,1285
2025-04-15,블루 아카이브,AOS,113092.06,323568.0,2235
2025-04-15,블루 아카이브,iOS,109631.13,175978.0,1185
2025-04-16,블루 아카이브,AOS,100121.21,334867.0,2231
2025-04-16,블루 아카이브,iOS,96187.17,178211.0,1241
2025-04-17,블루 아카이브,AOS,113323.97,309950.0,2420
2025-04-17,블루 아카이브,iOS,51535.84,166262.0,1181
2025-04-18,블루 아카이브,AOS,127503.75,302664.0,2681
2025-04-18,블루 아카이브,iOS,34434.50,171147.0,1344
2025-04-19,블루 아카이브,AOS,92078.88,301074.0,2890
2025-04-19,블루 아카이브,iOS,32520.93,180911.0,1945
2025-04-20,블루 아카이브,AOS,93526.15,342249.0,2614
2025-04-20,블루 아카이브,iOS,41058.36,215028.0,2146
2025-04-21,블루 아카이브,AOS,82029.68,336885.0,2701
2025-04-21,블루 아카이브,iOS,46907.50,201916.0,1652
2025-04-22,블루 아카이브,AOS,215361.77,360194.0,3025
2025-04-22,블루 아카이브,iOS,418184.31,224762.0,1694
2025-04-23,블루 아카이브,AOS,187491.57,405961.0,4694
2025-04-23,블루 아카이브,iOS,969536.74,253740.0,2138
2025-04-24,블루 아카이브,AOS,255838.20,389083.0,4328
2025-04-24,블루 아카이브,iOS,337407.41,240034.0,2196
2025-04-25,블루 아카이브,AOS,312242.28,360170.0,5077
2025-04-25,블루 아카이브,iOS,273148.59,225227.0,2268
2025-04-26,블루 아카이브,AOS,283016.67,382826.0,5685
2025-04-26,블루 아카이브,iOS,177613.62,251035.0,2909
2025-04-27,블루 아카이브,AOS,249159.09,371853.0,4954
2025-04-27,블루 아카이브,iOS,145443.13,248190.0,2330
2025-04-28,블루 아카이브,AOS,117084.61,349555.0,4841
2025-04-28,블루 아카이브,iOS,135190.76,223759.0,1818
2025-04-29,블루 아카이브,AOS,94665.25,371826.0,4527
2025-04-29,블루 아카이브,iOS,128071.19,230768.0,1870
2025-04-30,블루 아카이브,AOS,148958.78,345679.0,4295
2025-04-30,블루 아카이브,iOS,92205.27,213617.0,1825
2025-05-01,블루 아카이브,AOS,132731.88,320228.0,4011
2025-05-01,블루 아카이브,iOS,177784.29,208585.0,2462
2025-05-02,블루 아카이브,AOS,101756.14,336261.0,4326
2025-05-02,블루 아카이브,iOS,92583.30,216778.0,2501
2025-05-03,블루 아카이브,AOS,87910.07,324217.0,4228
2025-05-03,블루 아카이브,iOS,121683.85,222883.0,2629
2025-05-04,블루 아카이브,AOS,68340.49,335723.0,4055
2025-05-04,블루 아카이브,iOS,95605.75,221043.0,2850
2025-05-05,블루 아카이브,AOS,60938.91,332370.0,3333
2025-05-05,블루 아카이브,iOS,106431.63,209414.0,2448
2025-05-06,블루 아카이브,AOS,57234.13,354719.0,2712
2025-05-06,블루 아카이브,iOS,126012.92,216021.0,1855
2025-05-07,블루 아카이브,AOS,64664.65,326172.0,2399
2025-05-07,블루 아카이브,iOS,129850.37,194740.0,1462
2025-05-08,블루 아카이브,AOS,63939.81,317429.0,2057
2025-05-08,블루 아카이브,iOS,83701.54,196232.0,1391
2025-05-09,블루 아카이브,AOS,74726.28,308000.0,2198
2025-05-09,블루 아카이브,iOS,59967.20,183756.0,1576
2025-05-10,블루 아카이브,AOS,67638.65,306740.0,2462
2025-05-10,블루 아카이브,iOS,59094.41,199875.0,2521
2025-05-11,블루 아카이브,AOS,58107.69,308460.0,2189
2025-05-11,블루 아카이브,iOS,45933.91,196583.0,2298
2025-05-12,블루 아카이브,AOS,50131.27,306894.0,2479
2025-05-12,블루 아카이브,iOS,34421.57,179465.0,1388
2025-05-13,블루 아카이브,AOS,51382.16,321583.0,2632
2025-05-13,블루 아카이브,iOS,51070.56,182486.0,1352
2025-05-14,블루 아카이브,AOS,63809.07,315500.0,2555
2025-05-14,블루 아카이브,iOS,89968.03,176716.0,1427
2025-05-15,블루 아카이브,AOS,70811.87,322158.0,2714
2025-05-15,블루 아카이브,iOS,68061.95,181379.0,1315
2025-05-16,블루 아카이브,AOS,83421.50,313436.0,2809
2025-05-16,블루 아카이브,iOS,52925.13,182435.0,1383
2025-05-17,블루 아카이브,AOS,77048.44,314235.0,3169
2025-05-17,블루 아카이브,iOS,37007.02,196384.0,2195
2025-05-18,블루 아카이브,AOS,65846.84,327241.0,2598
2025-05-18,블루 아카이브,iOS,43888.69,202785.0,2259
2025-05-19,블루 아카이브,AOS,62198.37,328012.0,2261
2025-05-19,블루 아카이브,iOS,46278.93,196173.0,1416
2025-05-20,블루 아카이브,AOS,57016.43,338002.0,2229
2025-05-20,블루 아카이브,iOS,55746.97,195136.0,1322
2025-05-21,블루 아카이브,AOS,85132.37,341087.0,2055
2025-05-21,블루 아카이브,iOS,148802.52,204418.0,1237
2025-05-22,블루 아카이브,AOS,76897.60,324813.0,2193
2025-05-22,블루 아카이브,iOS,152204.07,191230.0,1288
2025-05-23,블루 아카이브,AOS,105652.03,320080.0,2411
2025-05-23,블루 아카이브,iOS,112844.62,186860.0,1475
2025-05-24,블루 아카이브,AOS,96875.41,312059.0,2646
2025-05-24,블루 아카이브,iOS,78207.03,202061.0,2166
2025-05-25,블루 아카이브,AOS,81665.46,319296.0,2210
2025-05-25,블루 아카이브,iOS,52064.21,204708.0,2050
2025-05-26,블루 아카이브,AOS,72216.32,309149.0,1978
2025-05-26,블루 아카이브,iOS,54374.99,186788.0,1380
2025-05-27,블루 아카이브,AOS,70903.10,312430.0,1922
2025-05-27,블루 아카이브,iOS,35537.17,185796.0,1279
2025-05-28,블루 아카이브,AOS,57996.09,309586.0,2005
2025-05-28,블루 아카이브,iOS,42208.80,175511.0,1250
2025-05-29,블루 아카이브,AOS,47088.27,291563.0,2020
2025-05-29,블루 아카이브,iOS,37097.42,168220.0,1279
2025-05-30,블루 아카이브,AOS,63552.63,317019.0,2052
2025-05-30,블루 아카이브,iOS,49027.22,188764.0,1451
2025-05-31,블루 아카이브,AOS,109160.00,305292.0,2258
2025-05-31,블루 아카이브,iOS,50706.02,192312.0,2324
2025-06-01,블루 아카이브,AOS,98104.04,319859.0,2186
2025-06-01,블루 아카이브,iOS,127104.87,206343.0,2243
2025-06-02,블루 아카이브,AOS,61652.04,326170.0,2085
2025-06-02,블루 아카이브,iOS,47031.33,193826.0,1933
2025-06-03,블루 아카이브,AOS,70760.08,334570.0,2113
2025-06-03,블루 아카이브,iOS,56603.72,186036.0,1588
2025-06-04,블루 아카이브,AOS,73650.50,336112.0,2219
2025-06-04,블루 아카이브,iOS,124855.91,183541.0,1479
2025-06-05,블루 아카이브,AOS,76452.11,344628.0,2158
2025-06-05,블루 아카이브,iOS,134832.38,191734.0,1391
2025-06-06,블루 아카이브,AOS,102197.96,325136.0,2325
2025-06-06,블루 아카이브,iOS,88285.41,181554.0,1497
2025-06-07,블루 아카이브,AOS,98288.41,344084.0,2509
2025-06-07,블루 아카이브,iOS,66118.94,202110.0,2198
2025-06-08,블루 아카이브,AOS,81369.37,325645.0,2264
2025-06-08,블루 아카이브,iOS,47192.08,199731.0,2194
2025-06-09,블루 아카이브,AOS,75476.36,301383.0,2147
2025-06-09,블루 아카이브,iOS,46306.55,173278.0,1464
2025-06-10,블루 아카이브,AOS,72162.01,318020.0,2146
2025-06-10,블루 아카이브,iOS,75051.28,180106.0,1345
2025-06-11,블루 아카이브,AOS,64034.06,337129.0,2063
2025-06-11,블루 아카이브,iOS,50323.58,179949.0,1265
2025-06-12,블루 아카이브,AOS,66019.79,334476.0,2265
2025-06-12,블루 아카이브,iOS,35682.67,183830.0,1347
2025-06-13,블루 아카이브,AOS,73766.05,310069.0,2304
2025-06-13,블루 아카이브,iOS,30179.23,170311.0,1366
2025-06-14,블루 아카이브,AOS,66369.49,307793.0,2697
2025-06-14,블루 아카이브,iOS,33575.67,186671.0,1952
2025-06-15,블루 아카이브,AOS,64266.90,325706.0,2171
2025-06-15,블루 아카이브,iOS,39281.35,202004.0,1823
2025-06-16,블루 아카이브,AOS,39318.13,320956.0,2225
2025-06-16,블루 아카이브,iOS,41204.26,191354.0,1318
2025-06-17,블루 아카이브,AOS,42470.29,338572.0,2236
2025-06-17,블루 아카이브,iOS,49854.65,198885.0,1342
2025-06-18,블루 아카이브,AOS,39873.80,320854.0,1893
2025-06-18,블루 아카이브,iOS,80265.02,183623.0,1327
2025-06-19,블루 아카이브,AOS,45589.67,308681.0,1721
2025-06-19,블루 아카이브,iOS,67563.98,171221.0,1397
2025-06-20,블루 아카이브,AOS,60722.41,311139.0,1879
2025-06-20,블루 아카이브,iOS,49527.47,181216.0,1476
2025-06-21,블루 아카이브,AOS,54456.23,320465.0,2125
2025-06-21,블루 아카이브,iOS,39917.07,209512.0,2077
2025-06-22,블루 아카이브,AOS,54279.12,322304.0,2068
2025-06-22,블루 아카이브,iOS,49797.68,203966.0,2112
2025-06-23,블루 아카이브,AOS,43477.38,318569.0,2233
2025-06-23,블루 아카이브,iOS,45224.20,187088.0,1489
2025-06-24,블루 아카이브,AOS,51302.63,348938.0,2319
2025-06-24,블루 아카이브,iOS,47367.09,198894.0,1514
2025-06-25,블루 아카이브,AOS,80113.47,344281.0,2509
2025-06-25,블루 아카이브,iOS,150134.14,205787.0,1593
2025-06-26,블루 아카이브,AOS,85102.71,335774.0,2373
2025-06-26,블루 아카이브,iOS,221049.07,202306.0,1610
2025-06-27,블루 아카이브,AOS,102815.54,328554.0,2225
2025-06-27,블루 아카이브,iOS,137050.83,203049.0,1610
2025-06-28,블루 아카이브,AOS,94065.17,345643.0,2331
2025-06-28,블루 아카이브,iOS,76144.36,221159.0,1967
2025-06-29,블루 아카이브,AOS,84373.87,327991.0,2081
2025-06-29,블루 아카이브,iOS,64794.66,209345.0,1908
2025-06-30,블루 아카이브,AOS,58721.00,310783.0,1946
2025-06-30,블루 아카이브,iOS,61253.89,188621.0,1627
2025-07-01,블루 아카이브,AOS,120873.90,348752.0,2337
2025-07-01,블루 아카이브,iOS,124186.60,212232.0,1721
2025-07-02,블루 아카이브,AOS,72349.57,314878.0,2227
2025-07-02,블루 아카이브,iOS,51850.87,196159.0,1786
2025-07-03,블루 아카이브,AOS,67635.64,344785.0,2478
2025-07-03,블루 아카이브,iOS,51629.58,204864.0,1944
2025-07-04,블루 아카이브,AOS,65484.68,332917.0,2847
2025-07-04,블루 아카이브,iOS,55624.43,195241.0,2391
2025-07-05,블루 아카이브,AOS,56600.57,369793.0,2969
2025-07-05,블루 아카이브,iOS,44493.47,231657.0,2705
2025-07-06,블루 아카이브,AOS,48671.44,349252.0,2915
2025-07-06,블루 아카이브,iOS,39396.87,214576.0,2509
2025-07-07,블루 아카이브,AOS,42328.07,335147.0,3125
2025-07-07,블루 아카이브,iOS,37019.49,191450.0,2262
2025-07-08,블루 아카이브,AOS,35881.32,406570.0,3230
2025-07-08,블루 아카이브,iOS,78507.29,219985.0,2570
2025-07-09,블루 아카이브,AOS,45987.41,392962.0,3351
2025-07-09,블루 아카이브,iOS,73744.26,215438.0,2819
2025-07-10,블루 아카이브,AOS,71290.49,380574.0,3370
2025-07-10,블루 아카이브,iOS,56356.78,206180.0,2688
2025-07-11,블루 아카이브,AOS,79281.84,352915.0,3191
2025-07-11,블루 아카이브,iOS,34815.55,183008.0,2467
2025-07-12,블루 아카이브,AOS,75710.18,369398.0,3599
2025-07-12,블루 아카이브,iOS,32043.26,201075.0,2590
2025-07-13,블루 아카이브,AOS,73547.18,389047.0,3277
2025-07-13,블루 아카이브,iOS,33911.84,208895.0,2699
2025-07-14,블루 아카이브,AOS,91042.82,389330.0,3176
2025-07-14,블루 아카이브,iOS,69541.27,193399.0,2500
2025-07-15,블루 아카이브,AOS,118981.99,397915.0,3440
2025-07-15,블루 아카이브,iOS,212526.10,207053.0,2824
2025-07-16,블루 아카이브,AOS,113552.28,350441.0,3360
2025-07-16,블루 아카이브,iOS,123023.18,187249.0,2715
2025-07-17,블루 아카이브,AOS,133755.73,350622.0,3300
2025-07-17,블루 아카이브,iOS,69983.76,190132.0,2640
2025-07-18,블루 아카이브,AOS,155310.93,341825.0,3623
2025-07-18,블루 아카이브,iOS,61002.69,182291.0,2519
2025-07-19,블루 아카이브,AOS,167756.51,414895.0,3885
2025-07-19,블루 아카이브,iOS,98252.49,246338.0,2940
2025-07-20,블루 아카이브,AOS,136901.81,441822.0,3478
2025-07-20,블루 아카이브,iOS,147842.67,260552.0,3487
2025-07-21,블루 아카이브,AOS,118033.89,422569.0,3250
2025-07-21,블루 아카이브,iOS,185661.21,246909.0,3141
2025-07-22,블루 아카이브,AOS,89822.37,498879.0,3226
2025-07-22,블루 아카이브,iOS,690790.17,306634.0,2964
2025-07-23,블루 아카이브,AOS,86725.97,491927.0,3419
2025-07-23,블루 아카이브,iOS,896662.79,309989.0,3205
2025-07-24,블루 아카이브,AOS,90724.78,500807.0,3231
2025-07-24,블루 아카이브,iOS,353427.15,317592.0,2933
2025-07-25,블루 아카이브,AOS,106817.38,462357.0,3417
2025-07-25,블루 아카이브,iOS,213537.47,291191.0,2850
2025-07-26,블루 아카이브,AOS,98975.08,479472.0,3586
2025-07-26,블루 아카이브,iOS,141604.90,304613.0,3044
2025-07-27,블루 아카이브,AOS,90973.94,480026.0,3309
2025-07-27,블루 아카이브,iOS,128576.74,307522.0,2918
2025-07-28,블루 아카이브,AOS,95535.24,493018.0,3220
2025-07-28,블루 아카이브,iOS,118628.34,322927.0,2663
2025-07-29,블루 아카이브,AOS,77610.19,507563.0,3382
2025-07-29,블루 아카이브,iOS,193563.20,331418.0,2841
2025-07-30,블루 아카이브,AOS,89021.50,524085.0,2999
2025-07-30,블루 아카이브,iOS,1006800.88,357271.0,3117
2025-07-31,블루 아카이브,AOS,190848.30,456754.0,3198
2025-07-31,블루 아카이브,iOS,899214.51,303903.0,3101
2025-08-01,블루 아카이브,AOS,237441.73,431242.0,3401
2025-08-01,블루 아카이브,iOS,1005909.02,281581.0,2778
2025-08-02,블루 아카이브,AOS,178515.19,429757.0,3425
2025-08-02,블루 아카이브,iOS,359366.72,276383.0,2905
2025-08-03,블루 아카이브,AOS,177640.33,422871.0,3125
2025-08-03,블루 아카이브,iOS,300845.88,268026.0,2876
2025-08-04,블루 아카이브,AOS,185383.75,427817.0,2924
2025-08-04,블루 아카이브,iOS,206040.01,265701.0,2588
2025-08-05,블루 아카이브,AOS,192099.49,427506.0,2670
2025-08-05,블루 아카이브,iOS,312607.68,267795.0,2664
2025-08-06,블루 아카이브,AOS,287038.34,391825.0,2615
2025-08-06,블루 아카이브,iOS,286943.73,242542.0,2579
2025-08-07,블루 아카이브,AOS,151194.87,380004.0,2376
2025-08-07,블루 아카이브,iOS,161109.63,242170.0,2598
2025-08-08,블루 아카이브,AOS,189758.30,367512.0,2262
2025-08-08,블루 아카이브,iOS,96409.71,226885.0,2458
2025-08-09,블루 아카이브,AOS,190965.27,370344.0,2344
2025-08-09,블루 아카이브,iOS,67732.40,230574.0,2357
2025-08-10,블루 아카이브,AOS,155610.51,371516.0,2157
2025-08-10,블루 아카이브,iOS,60517.69,229310.0,2424
2025-08-11,블루 아카이브,AOS,89292.30,352497.0,1938
2025-08-11,블루 아카이브,iOS,55941.31,209818.0,2211
2025-08-12,블루 아카이브,AOS,52355.64,352344.0,1842
2025-08-12,블루 아카이브,iOS,52391.82,218302.0,2180
2025-08-13,블루 아카이브,AOS,56634.92,339196.0,1635
2025-08-13,블루 아카이브,iOS,136814.99,213986.0,2205
2025-08-14,블루 아카이브,AOS,78700.33,331268.0,1737
2025-08-14,블루 아카이브,iOS,141086.79,204796.0,2240
2025-08-15,블루 아카이브,AOS,104827.36,318935.0,1779
2025-08-15,블루 아카이브,iOS,98211.46,194647.0,2147
2025-08-16,블루 아카이브,AOS,95871.44,301000.0,1777
2025-08-16,블루 아카이브,iOS,93984.00,190411.0,2248
2025-08-17,블루 아카이브,AOS,81688.65,282965.0,1733
2025-08-17,블루 아카이브,iOS,90620.83,178848.0,2223
2025-08-18,블루 아카이브,AOS,69890.43,303872.0,1545
2025-08-18,블루 아카이브,iOS,93878.18,186619.0,2097
2025-08-19,블루 아카이브,AOS,60379.91,296794.0,1565
2025-08-19,블루 아카이브,iOS,127315.75,181946.0,1988
2025-08-20,블루 아카이브,AOS,56028.45,316437.0,1579
2025-08-20,블루 아카이브,iOS,198208.72,201871.0,1955
2025-08-21,블루 아카이브,AOS,68485.34,313709.0,1635
2025-08-21,블루 아카이브,iOS,196019.76,199841.0,2106
2025-08-22,블루 아카이브,AOS,88056.53,298329.0,1808
2025-08-22,블루 아카이브,iOS,119615.34,190283.0,1992
2025-08-23,블루 아카이브,AOS,69059.12,296217.0,1988
2025-08-23,블루 아카이브,iOS,85679.30,189245.0,2031
2025-08-24,블루 아카이브,AOS,56690.45,291752.0,1810
2025-08-24,블루 아카이브,iOS,56704.84,183968.0,2011
2025-08-25,블루 아카이브,AOS,61230.53,294235.0,1578
2025-08-25,블루 아카이브,iOS,51767.16,185538.0,1936
2025-08-26,블루 아카이브,AOS,48997.61,297149.0,1633
2025-08-26,블루 아카이브,iOS,62949.29,188522.0,1884
2025-08-27,블루 아카이브,AOS,45593.85,294793.0,1999
2025-08-27,블루 아카이브,iOS,49944.12,187797.0,1970
2025-08-28,블루 아카이브,AOS,51437.57,291467.0,1895
2025-08-28,블루 아카이브,iOS,59032.24,186229.0,1884
2025-08-29,블루 아카이브,AOS,72008.92,281719.0,2090
2025-08-29,블루 아카이브,iOS,57746.16,178891.0,1757
2025-08-30,블루 아카이브,AOS,65369.09,276606.0,2262
2025-08-30,블루 아카이브,iOS,51262.73,176630.0,1838
2025-08-31,블루 아카이브,AOS,106436.14,284487.0,1901
2025-08-31,블루 아카이브,iOS,56992.69,184172.0,1615
2025-09-01,블루 아카이브,AOS,109725.21,294986.0,1661
2025-09-01,블루 아카이브,iOS,113619.32,182724.0,1189
2025-09-02,블루 아카이브,AOS,60509.06,310160.0,1617
2025-09-02,블루 아카이브,iOS,54246.79,195433.0,1096
2025-09-03,블루 아카이브,AOS,52781.94,294295.0,1694
2025-09-03,블루 아카이브,iOS,105601.00,186985.0,1043
2025-09-04,블루 아카이브,AOS,46224.93,276704.0,1676
2025-09-04,블루 아카이브,iOS,106353.53,180592.0,1104
2025-09-05,블루 아카이브,AOS,75027.83,293370.0,1617
2025-09-05,블루 아카이브,iOS,80458.67,179737.0,1150
2025-09-06,블루 아카이브,AOS,63041.44,265450.0,1809
2025-09-06,블루 아카이브,iOS,56264.36,172469.0,1575
2025-09-07,블루 아카이브,AOS,59084.58,268125.0,1451
2025-09-07,블루 아카이브,iOS,36137.70,173706.0,1524
2025-09-08,블루 아카이브,AOS,54161.49,255223.0,1259
2025-09-08,블루 아카이브,iOS,30763.08,161509.0,1040
2025-09-09,블루 아카이브,AOS,53912.56,273613.0,1181
2025-09-09,블루 아카이브,iOS,38056.07,170714.0,1076
2025-09-10,블루 아카이브,AOS,40726.54,265206.0,1272
2025-09-10,블루 아카이브,iOS,37191.72,165704.0,1087
2025-09-11,블루 아카이브,AOS,35503.49,252086.0,1346
2025-09-11,블루 아카이브,iOS,29565.27,159514.0,1027
2025-09-12,블루 아카이브,AOS,44415.44,258799.0,1550
2025-09-12,블루 아카이브,iOS,30701.77,159754.0,996
2025-09-13,블루 아카이브,AOS,39117.65,270040.0,1703
2025-09-13,블루 아카이브,iOS,26131.25,179884.0,1469
2025-09-14,블루 아카이브,AOS,36310.63,253866.0,1492
2025-09-14,블루 아카이브,iOS,25902.31,165548.0,1465
2025-09-15,블루 아카이브,AOS,35480.29,258575.0,1279
2025-09-15,블루 아카이브,iOS,29980.15,161591.0,1004
2025-09-16,블루 아카이브,AOS,35733.88,263588.0,1256
2025-09-16,블루 아카이브,iOS,41660.20,166081.0,1029
2025-09-17,블루 아카이브,AOS,32651.71,264425.0,1230
2025-09-17,블루 아카이브,iOS,52090.54,165996.0,957
2025-09-18,블루 아카이브,AOS,30675.26,245572.0,1261
2025-09-18,블루 아카이브,iOS,44369.26,154024.0,935
2025-09-19,블루 아카이브,AOS,38822.83,252369.0,1409
2025-09-19,블루 아카이브,iOS,39144.30,149184.0,941
2025-09-20,블루 아카이브,AOS,36399.57,270812.0,1739
2025-09-20,블루 아카이브,iOS,29858.12,174963.0,1338
2025-09-21,블루 아카이브,AOS,34161.88,261180.0,1533
2025-09-21,블루 아카이브,iOS,26755.16,169910.0,1410
2025-09-22,블루 아카이브,AOS,31589.13,261266.0,1722
2025-09-22,블루 아카이브,iOS,31009.47,154603.0,1019
2025-09-23,블루 아카이브,AOS,34166.64,295665.0,2018
2025-09-23,블루 아카이브,iOS,64422.28,168794.0,1278
2025-09-24,블루 아카이브,AOS,30912.09,325566.0,1929
2025-09-24,블루 아카이브,iOS,161737.74,187531.0,1239
2025-09-25,블루 아카이브,AOS,79007.03,308577.0,2145
2025-09-25,블루 아카이브,iOS,195137.20,181006.0,1114
2025-09-26,블루 아카이브,AOS,84980.27,310138.0,2345
2025-09-26,블루 아카이브,iOS,112313.05,185569.0,1099
2025-09-27,블루 아카이브,AOS,75453.50,297737.0,2482
2025-09-27,블루 아카이브,iOS,77896.51,186311.0,1404
2025-09-28,블루 아카이브,AOS,73896.97,272982.0,2076
2025-09-28,블루 아카이브,iOS,62089.32,177765.0,1233
2025-09-29,블루 아카이브,AOS,85428.55,275525.0,1571
2025-09-29,블루 아카이브,iOS,59269.68,163710.0,1149
2025-09-30,블루 아카이브,AOS,143843.13,278324.0,1598
2025-09-30,블루 아카이브,iOS,53685.12,169812.0,1181
2025-10-01,블루 아카이브,AOS,105427.02,273614.0,1607
2025-10-01,블루 아카이브,iOS,97249.23,173820.0,1574
2025-10-01,승리의여신: 니케,AOS,,249576.0,
2025-10-01,승리의여신: 니케,iOS,,237225.0,
2025-10-02,블루 아카이브,AOS,70419.55,261557.0,1704
2025-10-02,블루 아카이브,iOS,63342.03,161935.0,1632
2025-10-02,승리의여신: 니케,AOS,,245535.0,
2025-10-02,승리의여신: 니케,iOS,,230437.0,
2025-10-03,블루 아카이브,AOS,81368.80,261001.0,1878
2025-10-03,블루 아카이브,iOS,62200.21,163306.0,1614
2025-10-03,승리의여신: 니케,AOS,,253207.0,
2025-10-03,승리의여신: 니케,iOS,,238122.0,
2025-10-04,블루 아카이브,AOS,65712.18,262696.0,2023
2025-10-04,블루 아카이브,iOS,46973.26,170442.0,1688
2025-10-04,승리의여신: 니케,AOS,,243896.0,
2025-10-04,승리의여신: 니케,iOS,,233920.0,
2025-10-05,블루 아카이브,AOS,53039.81,273929.0,1717
2025-10-05,블루 아카이브,iOS,43801.78,171885.0,1669
2025-10-05,승리의여신: 니케,AOS,,247684.0,
2025-10-05,승리의여신: 니케,iOS,,241627.0,
2025-10-06,블루 아카이브,AOS,51774.45,262547.0,1501
2025-10-06,블루 아카이브,iOS,40365.50,162188.0,1566
2025-10-06,승리의여신: 니케,AOS,,219979.0,
2025-10-06,승리의여신: 니케,iOS,,212847.0,
2025-10-07,블루 아카이브,AOS,46725.32,264298.0,1370
2025-10-07,블루 아카이브,iOS,45579.49,165515.0,1497
2025-10-07,승리의여신: 니케,AOS,,208866.0,
2025-10-07,승리의여신: 니케,iOS,,200340.0,
2025-10-08,블루 아카이브,AOS,43297.47,259905.0,1404
2025-10-08,블루 아카이브,iOS,89009.41,167322.0,1425
2025-10-08,승리의여신: 니케,AOS,,212812.0,
2025-10-08,승리의여신: 니케,iOS,,216221.0,
2025-10-09,블루 아카이브,AOS,41743.30,244653.0,1364
2025-10-09,블루 아카이브,iOS,73070.59,153795.0,1055
2025-10-09,승리의여신: 니케,AOS,,228980.0,
2025-10-09,승리의여신: 니케,iOS,,233341.0,
2025-10-10,블루 아카이브,AOS,70250.06,240303.0,1710
2025-10-10,블루 아카이브,iOS,39885.10,151485.0,956
2025-10-10,승리의여신: 니케,AOS,,225254.0,
2025-10-10,승리의여신: 니케,iOS,,222273.0,
2025-10-11,블루 아카이브,AOS,58880.29,244662.0,1832
2025-10-11,블루 아카이브,iOS,27610.85,158816.0,1113
2025-10-11,승리의여신: 니케,AOS,,226877.0,
2025-10-11,승리의여신: 니케,iOS,,226703.0,
2025-10-12,블루 아카이브,AOS,50971.14,240476.0,1470
2025-10-12,블루 아카이브,iOS,21226.45,158141.0,1334
2025-10-12,승리의여신: 니케,AOS,,230648.0,
2025-10-12,승리의여신: 니케,iOS,,227159.0,
2025-10-13,블루 아카이브,AOS,50694.45,234383.0,1460
2025-10-13,블루 아카이브,iOS,22101.62,154624.0,1035
2025-10-13,승리의여신: 니케,AOS,,220417.0,
2025-10-13,승리의여신: 니케,iOS,,220544.0,
2025-10-14,블루 아카이브,AOS,43652.06,235454.0,1365
2025-10-14,블루 아카이브,iOS,25998.66,156445.0,889
2025-10-14,승리의여신: 니케,AOS,,209804.0,
2025-10-14,승리의여신: 니케,iOS,,203237.0,
2025-10-15,블루 아카이브,AOS,44126.55,224078.0,1420
2025-10-15,블루 아카이브,iOS,52168.65,151575.0,914
2025-10-15,승리의여신: 니케,AOS,,215494.0,
2025-10-15,승리의여신: 니케,iOS,,208821.0,
2025-10-16,블루 아카이브,AOS,37442.60,220166.0,1244
2025-10-16,블루 아카이브,iOS,39525.88,144579.0,825
2025-10-16,승리의여신: 니케,AOS,,221773.0,
2025-10-16,승리의여신: 니케,iOS,,210609.0,
2025-10-17,블루 아카이브,AOS,45044.13,214333.0,1496
2025-10-17,블루 아카이브,iOS,34575.26,139973.0,964
2025-10-17,승리의여신: 니케,AOS,,223621.0,
2025-10-17,승리의여신: 니케,iOS,,214074.0,
2025-10-18,블루 아카이브,AOS,40856.11,240285.0,1728
2025-10-18,블루 아카이브,iOS,28080.11,163145.0,1485
2025-10-18,스텔라소라,iOS,115.30,,39021
2025-10-18,승리의여신: 니케,AOS,,236462.0,
2025-10-18,승리의여신: 니케,iOS,,227516.0,
2025-10-19,블루 아카이브,AOS,40701.00,246320.0,1679
2025-10-19,블루 아카이브,iOS,29795.93,166770.0,1515
2025-10-19,스텔라소라,AOS,11148.40,72371.0,111744
2025-10-19,스텔라소라,iOS,14956.48,203606.0,246717
2025-10-19,승리의여신: 니케,AOS,,235928.0,
2025-10-19,승리의여신: 니케,iOS,,226929.0,
2025-10-20,블루 아카이브,AOS,45919.49,239303.0,1548
2025-10-20,블루 아카이브,iOS,32870.85,154256.0,1046
2025-10-20,스텔라소라,AOS,16918.23,119245.0,154493
2025-10-20,스텔라소라,iOS,212328.40,319601.0,172234
2025-10-20,승리의여신: 니케,AOS,,227200.0,
2025-10-20,승리의여신: 니케,iOS,,218213.0,
2025-10-21,블루 아카이브,AOS,53866.29,247788.0,1881
2025-10-21,블루 아카이브,iOS,36839.42,155076.0,1074
2025-10-21,스텔라소라,AOS,94019.19,139722.0,115425
2025-10-21,스텔라소라,iOS,267702.61,364669.0,91770
2025-10-21,승리의여신: 니케,AOS,,230590.0,
2025-10-21,승리의여신: 니케,iOS,,216413.0,
2025-10-21,카오스 제로 나이트메어,iOS,51476.96,111042.0,125971
2025-10-22,블루 아카이브,AOS,113158.80,281164.0,1984
2025-10-22,블루 아카이브,iOS,190771.74,184380.0,1142
2025-10-22,스텔라소라,AOS,114416.08,132327.0,76052
2025-10-22,스텔라소라,iOS,253107.61,392709.0,59548
2025-10-22,승리의여신: 니케,AOS,,225692.0,
2025-10-22,승리의여신: 니케,iOS,,211286.0,
2025-10-22,카오스 제로 나이트메어,AOS,117869.10,97974.0,108322
2025-10-22,카오스 제로 나이트메어,iOS,328856.09,187119.0,100638
2025-10-23,블루 아카이브,AOS,111588.08,278517.0,1888
2025-10-23,블루 아카이브,iOS,264109.56,177447.0,1024
2025-10-23,스텔라소라,AOS,141122.44,120317.0,52219
2025-10-23,스텔라소라,iOS,190312.79,413938.0,36440
2025-10-23,승리의여신: 니케,AOS,,222801.0,
2025-10-23,승리의여신: 니케,iOS,,208248.0,
2025-10-23,카오스 제로 나이트메어,AOS,148826.04,195272.0,114135
2025-10-23,카오스 제로 나이트메어,iOS,384834.63,247622.0,94631
2025-10-24,블루 아카이브,AOS,158329.22,260534.0,2200
2025-10-24,블루 아카이브,iOS,219475.88,163345.0,1063
2025-10-24,스텔라소라,AOS,195207.47,111212.0,44129
2025-10-24,스텔라소라,iOS,184577.44,426522.0,22430
2025-10-24,승리의여신: 니케,AOS,,218839.0,
2025-10-24,승리의여신: 니케,iOS,,206966.0,
2025-10-24,카오스 제로 나이트메어,AOS,301340.62,198679.0,77853
2025-10-24,카오스 제로 나이트메어,iOS,412733.87,257044.0,62812
2025-10-25,블루 아카이브,AOS,186358.61,246885.0,2263
2025-10-25,블루 아카이브,iOS,112834.40,167339.0,1569
2025-10-25,스텔라소라,AOS,216346.97,96594.0,44487
2025-10-25,스텔라소라,iOS,146957.53,412028.0,18141
2025-10-25,승리의여신: 니케,AOS,,243453.0,
2025-10-25,승리의여신: 니케,iOS,,245902.0,
2025-10-25,카오스 제로 나이트메어,AOS,380483.11,242538.0,79524
2025-10-25,카오스 제로 나이트메어,iOS,350280.89,254074.0,52643
2025-10-26,듀엣 나이트 어비스,AOS,132.93,3788.0,5478
2025-10-26,듀엣 나이트 어비스,iOS,0.00,218026.0,331653
2025-10-26,블루 아카이브,AOS,138671.95,256418.0,1911
2025-10-26,블루 아카이브,iOS,75259.92,177741.0,1524
2025-10-26,스텔라소라,AOS,181286.77,92628.0,31871
2025-10-26,스텔라소라,iOS,116802.89,377029.0,14474
2025-10-26,승리의여신: 니케,AOS,,249332.0,
2025-10-26,승리의여신: 니케,iOS,,257461.0,
2025-10-26,카오스 제로 나이트메어,AOS,339484.83,266444.0,72462
2025-10-26,카오스 제로 나이트메어,iOS,314175.87,252808.0,46130
2025-10-27,듀엣 나이트 어비스,AOS,7475.91,61475.0,93521
2025-10-27,듀엣 나이트 어비스,iOS,31651.00,279581.0,247396
2025-10-27,블루 아카이브,AOS,140257.23,241100.0,1608
2025-10-27,블루 아카이브,iOS,59556.23,155190.0,970
2025-10-27,스텔라소라,AOS,143016.04,92375.0,25617
2025-10-27,스텔라소라,iOS,100163.73,346807.0,11069
2025-10-27,승리의여신: 니케,AOS,,238835.0,
2025-10-27,승리의여신: 니케,iOS,,241211.0,
2025-10-27,카오스 제로 나이트메어,AOS,358679.69,265544.0,58850
2025-10-27,카오스 제로 나이트메어,iOS,265042.04,235910.0,26891
2025-10-28,듀엣 나이트 어비스,AOS,27776.45,99620.0,100122
2025-10-28,듀엣 나이트 어비스,iOS,143648.61,347315.0,278744
2025-10-28,블루 아카이브,AOS,134322.06,239729.0,1517
2025-10-28,블루 아카이브,iOS,59201.55,153142.0,903
2025-10-28,스텔라소라,AOS,145036.46,86110.0,22357
2025-10-28,스텔라소라,iOS,173564.73,326158.0,10721
2025-10-28,승리의여신: 니케,AOS,,244818.0,
2025-10-28,승리의여신: 니케,iOS,,239456.0,
2025-10-28,카오스 제로 나이트메어,AOS,353583.08,275962.0,56474
2025-10-28,카오스 제로 나이트메어,iOS,265084.93,223834.0,21914
2025-10-29,듀엣 나이트 어비스,AOS,31275.97,114270.0,84547
2025-10-29,듀엣 나이트 어비스,iOS,133487.32,339822.0,192793
2025-10-29,블루 아카이브,AOS,53704.28,253678.0,1502
2025-10-29,블루 아카이브,iOS,38894.59,163580.0,832
2025-10-29,스텔라소라,AOS,121170.85,78935.0,18588
2025-10-29,스텔라소라,iOS,207224.59,305800.0,10653
2025-10-29,승리의여신: 니케,AOS,,292166.0,
2025-10-29,승리의여신: 니케,iOS,,285562.0,
2025-10-29,카오스 제로 나이트메어,AOS,321782.82,279973.0,48963
2025-10-29,카오스 제로 나이트메어,iOS,214880.01,215044.0,18493
2025-10-30,듀엣 나이트 어비스,AOS,36666.13,110160.0,55575
2025-10-30,듀엣 나이트 어비스,iOS,91845.08,288537.0,94699
2025-10-30,블루 아카이브,AOS,60043.28,244068.0,1418
2025-10-30,블루 아카이브,iOS,40662.82,155416.0,966
2025-10-30,스텔라소라,AOS,135913.64,72852.0,16353
2025-10-30,스텔라소라,iOS,148015.85,284731.0,9064
2025-10-30,승리의여신: 니케,AOS,,339686.0,
2025-10-30,승리의여신: 니케,iOS,,330438.0,
2025-10-30,카오스 제로 나이트메어,AOS,332217.98,281467.0,42755
2025-10-30,카오스 제로 나이트메어,iOS,208858.64,206478.0,15412
2025-10-31,듀엣 나이트 어비스,AOS,58273.10,103437.0,41962
2025-10-31,듀엣 나이트 어비스,iOS,92444.17,247260.0,50782
2025-10-31,블루 아카이브,AOS,138576.80,236260.0,1696
2025-10-31,블루 아카이브,iOS,66687.20,152775.0,1000
2025-10-31,스텔라소라,AOS,254546.53,66854.0,15259
2025-10-31,스텔라소라,iOS,114679.95,262326.0,7130
2025-10-31,승리의여신: 니케,AOS,,333964.0,
2025-10-31,승리의여신: 니케,iOS,,316350.0,
2025-10-31,카오스 제로 나이트메어,AOS,530719.11,280985.0,41310
2025-10-31,카오스 제로 나이트메어,iOS,208063.25,197427.0,13517
2025-11-01,듀엣 나이트 어비스,AOS,57745.03,102484.0,38629
2025-11-01,듀엣 나이트 어비스,iOS,95709.19,224616.0,40781
2025-11-01,블루 아카이브,AOS,155520.25,233039.0,1801
2025-11-01,블루 아카이브,iOS,133582.63,160915.0,1373
2025-11-01,스텔라소라,AOS,271165.67,62431.0,14830
2025-11-01,스텔라소라,iOS,179911.86,246365.0,8367
2025-11-01,승리의여신: 니케,AOS,,357106.0,
2025-11-01,승리의여신: 니케,iOS,,339351.0,
2025-11-01,카오스 제로 나이트메어,AOS,535202.31,281959.0,41694
2025-11-01,카오스 제로 나이트메어,iOS,243342.47,194144.0,15773
2025-11-02,듀엣 나이트 어비스,AOS,89047.58,98707.0,30725
2025-11-02,듀엣 나이트 어비스,iOS,71012.97,207205.0,29310
2025-11-02,블루 아카이브,AOS,93995.59,228003.0,2150
2025-11-02,블루 아카이브,iOS,56810.48,159845.0,1390
2025-11-02,스텔라소라,AOS,157688.57,58749.0,14016
2025-11-02,스텔라소라,iOS,90394.68,237235.0,7862
2025-11-02,승리의여신: 니케,AOS,,350872.0,
2025-11-02,승리의여신: 니케,iOS,,324267.0,
2025-11-02,카오스 제로 나이트메어,AOS,273016.03,279363.0,39143
2025-11-02,카오스 제로 나이트메어,iOS,165457.40,191457.0,16986
2025-11-03,듀엣 나이트 어비스,AOS,78401.24,92738.0,22268
2025-11-03,듀엣 나이트 어비스,iOS,63341.40,191782.0,20447
2025-11-03,블루 아카이브,AOS,86288.74,233944.0,1932
2025-11-03,블루 아카이브,iOS,56734.91,153533.0,977
2025-11-03,스텔라소라,AOS,150392.99,62698.0,12299
2025-11-03,스텔라소라,iOS,82710.99,146968.0,6630
2025-11-03,승리의여신: 니케,AOS,,350770.0,
2025-11-03,승리의여신: 니케,iOS,,313534.0,
2025-11-03,카오스 제로 나이트메어,AOS,247351.70,269958.0,29472
2025-11-03,카오스 제로 나이트메어,iOS,147105.16,160273.0,13057
2025-11-04,듀엣 나이트 어비스,AOS,79166.39,86824.0,16610
2025-11-04,듀엣 나이트 어비스,iOS,50871.00,177674.0,14731
2025-11-04,블루 아카이브,AOS,64139.47,234541.0,3294
2025-11-04,블루 아카이브,iOS,70999.39,150207.0,976
2025-11-04,스텔라소라,AOS,118619.61,56182.0,11033
2025-11-04,스텔라소라,iOS,74591.44,156322.0,5042
2025-11-04,승리의여신: 니케,AOS,,350185.0,
2025-11-04,승리의여신: 니케,iOS,,305534.0,
2025-11-04,카오스 제로 나이트메어,AOS,207068.39,252172.0,26617
2025-11-04,카오스 제로 나이트메어,iOS,145625.11,150568.0,11049
2025-11-05,듀엣 나이트 어비스,AOS,84451.05,82570.0,14940
2025-11-05,듀엣 나이트 어비스,iOS,45051.42,168332.0,10749
2025-11-05,블루 아카이브,AOS,52612.16,238297.0,3915
2025-11-05,블루 아카이브,iOS,80386.63,151830.0,1048
2025-11-05,스텔라소라,AOS,116825.83,52800.0,9938
2025-11-05,스텔라소라,iOS,66250.84,134818.0,4455
2025-11-05,승리의여신: 니케,AOS,,362737.0,
2025-11-05,승리의여신: 니케,iOS,,318073.0,
2025-11-05,카오스 제로 나이트메어,AOS,200091.64,259101.0,25063
2025-11-05,카오스 제로 나이트메어,iOS,127235.40,153898.0,9797
2025-11-06,듀엣 나이트 어비스,AOS,80636.68,77970.0,10494
2025-11-06,듀엣 나이트 어비스,iOS,41618.14,158914.0,8609
2025-11-06,블루 아카이브,AOS,48549.37,238684.0,4429
2025-11-06,블루 아카이브,iOS,53170.52,148587.0,953
2025-11-06,스텔라소라,AOS,108506.11,46634.0,9870
2025-11-06,스텔라소라,iOS,61211.78,126806.0,3894
2025-11-06,승리의여신: 니케,AOS,,384077.0,
2025-11-06,승리의여신: 니케,iOS,,351673.0,
2025-11-06,카오스 제로 나이트메어,AOS,193279.69,246762.0,20916
2025-11-06,카오스 제로 나이트메어,iOS,121626.94,150586.0,8674
2025-11-07,듀엣 나이트 어비스,AOS,74580.17,75729.0,10914
2025-11-07,듀엣 나이트 어비스,iOS,38918.37,152620.0,7223
2025-11-07,블루 아카이브,AOS,60857.68,223874.0,4067
2025-11-07,블루 아카이브,iOS,33133.28,137363.0,1016
2025-11-07,스텔라소라,AOS,114683.41,48751.0,10745
2025-11-07,스텔라소라,iOS,55357.51,127667.0,3844
2025-11-07,승리의여신: 니케,AOS,,374917.0,
2025-11-07,승리의여신: 니케,iOS,,338576.0,
2025-11-07,카오스 제로 나이트메어,AOS,226519.63,263494.0,24888
2025-11-07,카오스 제로 나이트메어,iOS,106325.05,157453.0,8038
2025-11-08,듀엣 나이트 어비스,AOS,66408.03,74762.0,11413
2025-11-08,듀엣 나이트 어비스,iOS,34744.12,146818.0,7406
2025-11-08,블루 아카이브,AOS,87145.40,237310.0,3936
2025-11-08,블루 아카이브,iOS,27397.07,154625.0,1385
2025-11-08,스텔라소라,AOS,117050.26,48999.0,10422
2025-11-08,스텔라소라,iOS,62015.02,134717.0,4472
2025-11-08,승리의여신: 니케,AOS,,383644.0,
2025-11-08,승리의여신: 니케,iOS,,349625.0,
2025-11-08,카오스 제로 나이트메어,AOS,240500.89,265108.0,29810
2025-11-08,카오스 제로 나이트메어,iOS,108996.78,152808.0,9473
2025-11-09,듀엣 나이트 어비스,AOS,52027.06,72237.0,9151
2025-11-09,듀엣 나이트 어비스,iOS,33575.62,140223.0,6275
2025-11-09,블루 아카이브,AOS,69213.22,246713.0,2968
2025-11-09,블루 아카이브,iOS,26113.89,159914.0,1362
2025-11-09,스텔라소라,AOS,83324.84,47514.0,8312
2025-11-09,스텔라소라,iOS,55356.40,141564.0,4407
2025-11-09,승리의여신: 니케,AOS,,374149.0,
2025-11-09,승리의여신: 니케,iOS,,340098.0,
2025-11-09,카오스 제로 나이트메어,AOS,213545.07,260843.0,28142
2025-11-09,카오스 제로 나이트메어,iOS,100723.98,149110.0,9530
2025-11-10,듀엣 나이트 어비스,AOS,49118.33,68652.0,6624
2025-11-10,듀엣 나이트 어비스,iOS,32321.16,135107.0,4291
2025-11-10,블루 아카이브,AOS,76846.94,248295.0,2279
2025-11-10,블루 아카이브,iOS,22616.39,154801.0,1051
2025-11-10,스텔라소라,AOS,96148.29,41859.0,6863
2025-11-10,스텔라소라,iOS,57379.33,135538.0,3031
2025-11-10,승리의여신: 니케,AOS,,343258.0,
2025-11-10,승리의여신: 니케,iOS,,309256.0,
2025-11-10,카오스 제로 나이트메어,AOS,232263.66,235816.0,24823
2025-11-10,카오스 제로 나이트메어,iOS,93989.43,131123.0,6948
2025-11-11,듀엣 나이트 어비스,AOS,44159.09,66363.0,5993
2025-11-11,듀엣 나이트 어비스,iOS,26680.53,130456.0,3930
2025-11-11,블루 아카이브,AOS,58019.15,232748.0,2161
2025-11-11,블루 아카이브,iOS,22479.71,142780.0,1034
2025-11-11,스텔라소라,AOS,74314.79,40424.0,6733
2025-11-11,스텔라소라,iOS,59666.52,131504.0,2690
2025-11-11,승리의여신: 니케,AOS,,336439.0,
2025-11-11,승리의여신: 니케,iOS,,289511.0,
2025-11-11,카오스 제로 나이트메어,AOS,227133.79,242646.0,26326
2025-11-11,카오스 제로 나이트메어,iOS,116579.96,138584.0,7038
2025-11-12,듀엣 나이트 어비스,AOS,32689.42,65900.0,5310
2025-11-12,듀엣 나이트 어비스,iOS,21657.22,132615.0,3562
2025-11-12,블루 아카이브,AOS,43195.69,257624.0,2014
2025-11-12,블루 아카이브,iOS,98007.49,164673.0,1059
2025-11-12,스텔라소라,AOS,50373.59,41760.0,6419
2025-11-12,스텔라소라,iOS,42006.62,135038.0,2323
2025-11-12,승리의여신: 니케,AOS,,340716.0,
2025-11-12,승리의여신: 니케,iOS,,304124.0,
2025-11-12,카오스 제로 나이트메어,AOS,189638.25,261862.0,27396
2025-11-12,카오스 제로 나이트메어,iOS,342833.84,150130.0,9431
2025-11-13,듀엣 나이트 어비스,AOS,38361.46,55135.0,4658
2025-11-13,듀엣 나이트 어비스,iOS,16435.55,82348.0,3244
2025-11-13,블루 아카이브,AOS,49792.97,236025.0,1893
2025-11-13,블루 아카이브,iOS,116358.14,147719.0,1040
2025-11-13,스텔라소라,AOS,64094.06,39635.0,6225
2025-11-13,스텔라소라,iOS,37627.44,107116.0,2043
2025-11-13,승리의여신: 니케,AOS,,335743.0,
2025-11-13,승리의여신: 니케,iOS,,308968.0,
2025-11-13,카오스 제로 나이트메어,AOS,193286.08,270098.0,23073
2025-11-13,카오스 제로 나이트메어,iOS,319838.92,160419.0,13227
2025-11-14,듀엣 나이트 어비스,AOS,33187.87,44817.0,5000
2025-11-14,듀엣 나이트 어비스,iOS,17049.22,78081.0,3247
2025-11-14,블루 아카이브,AOS,66646.72,236202.0,1802
2025-11-14,블루 아카이브,iOS,78410.69,151678.0,1017
2025-11-14,스텔라소라,AOS,68672.57,37913.0,6865
2025-11-14,스텔라소라,iOS,31017.98,113596.0,1949
2025-11-14,승리의여신: 니케,AOS,,328407.0,
2025-11-14,승리의여신: 니케,iOS,,303813.0,
2025-11-14,카오스 제로 나이트메어,AOS,272343.48,256879.0,24955
2025-11-14,카오스 제로 나이트메어,iOS,256579.49,152401.0,11705
2025-11-15,듀엣 나이트 어비스,AOS,32814.49,43339.0,5634
2025-11-15,듀엣 나이트 어비스,iOS,15361.53,76743.0,3709
2025-11-15,블루 아카이브,AOS,64158.87,223837.0,1746
2025-11-15,블루 아카이브,iOS,58354.20,148478.0,1361
2025-11-15,스텔라소라,AOS,62820.24,37241.0,6713
2025-11-15,스텔라소라,iOS,30711.39,88157.0,2313
2025-11-15,승리의여신: 니케,AOS,,343204.0,
2025-11-15,승리의여신: 니케,iOS,,318569.0,
2025-11-15,카오스 제로 나이트메어,AOS,279415.44,260487.0,24679
2025-11-15,카오스 제로 나이트메어,iOS,180699.56,161408.0,11975
2025-11-16,듀엣 나이트 어비스,AOS,26482.68,42209.0,6769
2025-11-16,듀엣 나이트 어비스,iOS,14175.45,76219.0,3357
2025-11-16,블루 아카이브,AOS,61067.33,243027.0,1432
2025-11-16,블루 아카이브,iOS,52153.41,161835.0,1345
2025-11-16,스텔라소라,AOS,49866.40,39295.0,6102
2025-11-16,스텔라소라,iOS,35860.84,92146.0,2404
2025-11-16,승리의여신: 니케,AOS,,334005.0,
2025-11-16,승리의여신: 니케,iOS,,310960.0,
2025-11-16,카오스 제로 나이트메어,AOS,232106.87,251229.0,19643
2025-11-16,카오스 제로 나이트메어,iOS,158698.29,151990.0,10812
2025-11-17,듀엣 나이트 어비스,AOS,21487.53,41613.0,6311
2025-11-17,듀엣 나이트 어비스,iOS,12727.14,74774.0,2427
2025-11-17,블루 아카이브,AOS,60899.33,224610.0,1488
2025-11-17,블루 아카이브,iOS,43893.58,141370.0,917
2025-11-17,스텔라소라,AOS,60944.44,42753.0,7353
2025-11-17,스텔라소라,iOS,36521.57,101516.0,1773
2025-11-17,승리의여신: 니케,AOS,,324568.0,
2025-11-17,승리의여신: 니케,iOS,,299558.0,
2025-11-17,카오스 제로 나이트메어,AOS,202117.16,247551.0,15836
2025-11-17,카오스 제로 나이트메어,iOS,119780.74,151425.0,7845
2025-11-18,듀엣 나이트 어비스,AOS,19590.07,41118.0,6008
2025-11-18,듀엣 나이트 어비스,iOS,11834.31,74102.0,2268
2025-11-18,블루 아카이브,AOS,54688.92,227149.0,1775
2025-11-18,블루 아카이브,iOS,67056.04,141398.0,957
2025-11-18,스텔라소라,AOS,73278.12,48124.0,14439
2025-11-18,스텔라소라,iOS,106531.86,105144.0,1645
2025-11-18,승리의여신: 니케,AOS,,313051.0,
2025-11-18,승리의여신: 니케,iOS,,277500.0,
2025-11-18,카오스 제로 나이트메어,AOS,191866.48,241225.0,18044
2025-11-18,카오스 제로 나이트메어,iOS,113573.93,145914.0,7269
2025-11-19,듀엣 나이트 어비스,AOS,18336.54,39502.0,4160
2025-11-19,듀엣 나이트 어비스,iOS,10014.46,73864.0,2209
2025-11-19,블루 아카이브,AOS,64271.83,245058.0,1782
2025-11-19,블루 아카이브,iOS,133842.25,155890.0,947
2025-11-19,스타 세이비어,iOS,2061.35,,12479
2025-11-19,스텔라소라,AOS,81453.16,48747.0,14557
2025-11-19,스텔라소라,iOS,122707.84,106271.0,1566
2025-11-19,승리의여신: 니케,AOS,,319121.0,
2025-11-19,승리의여신: 니케,iOS,,282835.0,
2025-11-19,카오스 제로 나이트메어,AOS,130956.46,238885.0,12425
2025-11-19,카오스 제로 나이트메어,iOS,112147.81,148736.0,6528
2025-11-20,듀엣 나이트 어비스,AOS,18673.53,38949.0,3697
2025-11-20,듀엣 나이트 어비스,iOS,8975.75,71935.0,2036
2025-11-20,블루 아카이브,AOS,69552.76,235856.0,1808
2025-11-20,블루 아카이브,iOS,175960.47,150990.0,1029
2025-11-20,스타 세이비어,AOS,52794.10,33959.0,39644
2025-11-20,스타 세이비어,iOS,41901.34,,21877
2025-11-20,스텔라소라,AOS,87908.51,52044.0,15033
2025-11-20,스텔라소라,iOS,95448.63,92593.0,1411
2025-11-20,승리의여신: 니케,AOS,,308176.0,
2025-11-20,승리의여신: 니케,iOS,,283900.0,
2025-11-20,카오스 제로 나이트메어,AOS,126172.18,230194.0,11424
2025-11-20,카오스 제로 나이트메어,iOS,100448.43,148946.0,7037
2025-11-21,듀엣 나이트 어비스,AOS,19978.98,40067.0,3567
2025-11-21,듀엣 나이트 어비스,iOS,9558.73,70174.0,2075
2025-11-21,블루 아카이브,AOS,111914.57,233208.0,1982
2025-11-21,블루 아카이브,iOS,72023.72,150848.0,1180
2025-11-21,스타 세이비어,AOS,70279.12,48290.0,32357
2025-11-21,스타 세이비어,iOS,48344.88,,31534
2025-11-21,스텔라소라,AOS,118861.86,50212.0,15496
2025-11-21,스텔라소라,iOS,42990.75,88472.0,1261
2025-11-21,승리의여신: 니케,AOS,,282154.0,
2025-11-21,승리의여신: 니케,iOS,,256947.0,
2025-11-21,카오스 제로 나이트메어,AOS,148081.25,229333.0,12155
2025-11-21,카오스 제로 나이트메어,iOS,91582.76,148778.0,6576
2025-11-22,듀엣 나이트 어비스,AOS,17643.47,42415.0,3374
2025-11-22,듀엣 나이트 어비스,iOS,9975.50,71083.0,2487
2025-11-22,블루 아카이브,AOS,102237.48,227844.0,2296
2025-11-22,블루 아카이브,iOS,48606.49,159445.0,1540
2025-11-22,스타 세이비어,AOS,85689.07,55665.0,26134
2025-11-22,스타 세이비어,iOS,48031.57,,37247
2025-11-22,스텔라소라,AOS,106229.45,49984.0,14826
2025-11-22,스텔라소라,iOS,31950.39,90722.0,1370
2025-11-22,승리의여신: 니케,AOS,,282100.0,
2025-11-22,승리의여신: 니케,iOS,,266377.0,
2025-11-22,카오스 제로 나이트메어,AOS,119520.80,240433.0,12578
2025-11-22,카오스 제로 나이트메어,iOS,79895.55,158464.0,7165
2025-11-23,듀엣 나이트 어비스,AOS,16385.39,43429.0,3185
2025-11-23,듀엣 나이트 어비스,iOS,10041.18,70491.0,2363
2025-11-23,블루 아카이브,AOS,75750.93,221601.0,2061
2025-11-23,블루 아카이브,iOS,42721.79,153527.0,1460
2025-11-23,스타 세이비어,AOS,78528.35,58786.0,25454
2025-11-23,스타 세이비어,iOS,49960.42,,29188
2025-11-23,스텔라소라,AOS,85804.88,43432.0,10857
2025-11-23,스텔라소라,iOS,27575.54,83220.0,1217
2025-11-23,승리의여신: 니케,AOS,,285017.0,
2025-11-23,승리의여신: 니케,iOS,,274848.0,
2025-11-23,카오스 제로 나이트메어,AOS,95274.44,244643.0,11958
2025-11-23,카오스 제로 나이트메어,iOS,82072.78,165896.0,6804
2025-11-24,듀엣 나이트 어비스,AOS,16280.53,39725.0,3136
2025-11-24,듀엣 나이트 어비스,iOS,12734.05,65462.0,1757
2025-11-24,블루 아카이브,AOS,65578.35,240963.0,1550
2025-11-24,블루 아카이브,iOS,31605.36,159190.0,1120
2025-11-24,스타 세이비어,AOS,81246.12,38510.0,17076
2025-11-24,스타 세이비어,iOS,34828.30,,20881
2025-11-24,스텔라소라,AOS,54792.59,38831.0,6983
2025-11-24,스텔라소라,iOS,28928.92,84222.0,989
2025-11-24,승리의여신: 니케,AOS,,267452.0,
2025-11-24,승리의여신: 니케,iOS,,256246.0,
2025-11-24,카오스 제로 나이트메어,AOS,78633.83,227402.0,9543
2025-11-24,카오스 제로 나이트메어,iOS,71733.90,146226.0,5645
2025-11-25,듀엣 나이트 어비스,AOS,17462.67,40694.0,3335
2025-11-25,듀엣 나이트 어비스,iOS,22526.05,66257.0,1663
2025-11-25,블루 아카이브,AOS,60913.89,213656.0,1567
2025-11-25,블루 아카이브,iOS,27621.78,140034.0,974
2025-11-25,스타 세이비어,AOS,132206.58,28443.0,13456
2025-11-25,스타 세이비어,iOS,33220.35,,16618
2025-11-25,스텔라소라,AOS,35535.13,37081.0,5590
2025-11-25,스텔라소라,iOS,23540.25,80806.0,814
2025-11-25,승리의여신: 니케,AOS,,273563.0,
2025-11-25,승리의여신: 니케,iOS,,256941.0,
2025-11-25,카오스 제로 나이트메어,AOS,85619.59,225174.0,9719
2025-11-25,카오스 제로 나이트메어,iOS,68272.71,141165.0,4976
2025-11-26,듀엣 나이트 어비스,AOS,19027.18,36986.0,2825
2025-11-26,듀엣 나이트 어비스,iOS,15198.72,66204.0,1688
2025-11-26,블루 아카이브,AOS,36718.18,219295.0,1420
2025-11-26,블루 아카이브,iOS,26922.14,144943.0,1010
2025-11-26,스타 세이비어,AOS,158487.22,56987.0,9927
2025-11-26,스타 세이비어,iOS,27422.05,,10538
2025-11-26,스텔라소라,AOS,31218.58,34994.0,4237
2025-11-26,스텔라소라,iOS,19485.10,77714.0,785
2025-11-26,승리의여신: 니케,AOS,,254160.0,
2025-11-26,승리의여신: 니케,iOS,,234273.0,
2025-11-26,카오스 제로 나이트메어,AOS,77958.48,213764.0,8439
2025-11-26,카오스 제로 나이트메어,iOS,62724.96,140243.0,4649
2025-11-27,듀엣 나이트 어비스,AOS,21110.14,35210.0,2497
2025-11-27,듀엣 나이트 어비스,iOS,12983.85,67510.0,1611
2025-11-27,블루 아카이브,AOS,33287.81,216208.0,1313
2025-11-27,블루 아카이브,iOS,30306.29,141270.0,971
2025-11-27,스타 세이비어,AOS,119495.15,53757.0,10681
2025-11-27,스타 세이비어,iOS,54173.51,,8888
2025-11-27,스텔라소라,AOS,27473.44,33334.0,3681
2025-11-27,스텔라소라,iOS,15785.96,75269.0,781
2025-11-27,승리의여신: 니케,AOS,,251463.0,
2025-11-27,승리의여신: 니케,iOS,,238873.0,
2025-11-27,카오스 제로 나이트메어,AOS,79543.98,210846.0,7340
2025-11-27,카오스 제로 나이트메어,iOS,62150.26,146311.0,4293
2025-11-28,듀엣 나이트 어비스,AOS,23504.54,38723.0,2601
2025-11-28,듀엣 나이트 어비스,iOS,11442.77,71447.0,1542
2025-11-28,블루 아카이브,AOS,57453.84,218349.0,1422
2025-11-28,블루 아카이브,iOS,33295.15,143148.0,978
2025-11-28,스타 세이비어,AOS,130752.73,63070.0,13016
2025-11-28,스타 세이비어,iOS,52373.45,,6183
2025-11-28,스텔라소라,AOS,30207.57,32418.0,3885
2025-11-28,스텔라소라,iOS,14783.26,79909.0,855
2025-11-28,승리의여신: 니케,AOS,,254614.0,
2025-11-28,승리의여신: 니케,iOS,,243389.0,
2025-11-28,카오스 제로 나이트메어,AOS,97244.66,215217.0,7318
2025-11-28,카오스 제로 나이트메어,iOS,57069.23,149932.0,4143
2025-11-29,듀엣 나이트 어비스,AOS,20152.35,44960.0,2655
2025-11-29,듀엣 나이트 어비스,iOS,9749.10,86660.0,1865
2025-11-29,블루 아카이브,AOS,47879.95,216805.0,1544
2025-11-29,블루 아카이브,iOS,34045.35,149176.0,1344
2025-11-29,스타 세이비어,AOS,114183.31,41585.0,16803
2025-11-29,스타 세이비어,iOS,42953.12,,5105
2025-11-29,스텔라소라,AOS,26848.94,31729.0,3958
2025-11-29,스텔라소라,iOS,15085.41,81785.0,1436
2025-11-29,승리의여신: 니케,AOS,,264890.0,
2025-11-29,승리의여신: 니케,iOS,,257663.0,
2025-11-29,카오스 제로 나이트메어,AOS,84428.13,218039.0,7592
2025-11-29,카오스 제로 나이트메어,iOS,61680.70,152778.0,5010
2025-11-30,듀엣 나이트 어비스,AOS,24236.95,45188.0,2260
2025-11-30,듀엣 나이트 어비스,iOS,8824.01,86111.0,1751
2025-11-30,블루 아카이브,AOS,87493.67,222111.0,1290
2025-11-30,블루 아카이브,iOS,43965.08,153576.0,1369
2025-11-30,스타 세이비어,AOS,148727.55,41760.0,17816
2025-11-30,스타 세이비어,iOS,37620.99,,5870
2025-11-30,스텔라소라,AOS,48263.29,29999.0,3795
2025-11-30,스텔라소라,iOS,16297.70,80831.0,1338
2025-11-30,승리의여신: 니케,AOS,,267297.0,
2025-11-30,승리의여신: 니케,iOS,,265445.0,
2025-11-30,카오스 제로 나이트메어,AOS,104148.48,211815.0,8404
2025-11-30,카오스 제로 나이트메어,iOS,63266.54,148749.0,4581
2025-12-01,듀엣 나이트 어비스,AOS,18483.28,40819.0,1763
2025-12-01,듀엣 나이트 어비스,iOS,13334.51,67609.0,1100
2025-12-01,블루 아카이브,AOS,99408.90,223468.0,1159
2025-12-01,블루 아카이브,iOS,105162.19,146266.0,939
2025-12-01,스타 세이비어,AOS,150140.87,37927.0,22995
2025-12-01,스타 세이비어,iOS,62176.03,,4003
2025-12-01,스텔라소라,AOS,53740.20,28766.0,4013
2025-12-01,스텔라소라,iOS,88939.71,79739.0,808
2025-12-01,승리의여신: 니케,AOS,,247672.0,
2025-12-01,승리의여신: 니케,iOS,,239834.0,
2025-12-01,카오스 제로 나이트메어,AOS,129117.35,209826.0,14629
2025-12-01,카오스 제로 나이트메어,iOS,117545.22,137076.0,3383
2025-12-02,듀엣 나이트 어비스,AOS,11247.52,42692.0,1499
2025-12-02,듀엣 나이트 어비스,iOS,9507.53,67539.0,1139
2025-12-02,블루 아카이브,AOS,77335.03,226809.0,1075
2025-12-02,블루 아카이브,iOS,51456.69,147119.0,1073
2025-12-02,스타 세이비어,AOS,121606.41,26889.0,25274
2025-12-02,스타 세이비어,iOS,28652.47,,3170
2025-12-02,스텔라소라,AOS,37991.44,31928.0,4846
2025-12-02,스텔라소라,iOS,43639.22,83183.0,897
2025-12-02,승리의여신: 니케,AOS,,250844.0,
2025-12-02,승리의여신: 니케,iOS,,232978.0,
2025-12-02,카오스 제로 나이트메어,AOS,157335.12,231955.0,19412
2025-12-02,카오스 제로 나이트메어,iOS,117152.48,143255.0,3595
2025-12-03,듀엣 나이트 어비스,AOS,10126.34,37996.0,1635
2025-12-03,듀엣 나이트 어비스,iOS,6662.99,68935.0,1048
2025-12-03,블루 아카이브,AOS,56726.79,242895.0,1338
2025-12-03,블루 아카이브,iOS,89579.77,158582.0,916
2025-12-03,스타 세이비어,AOS,80946.43,27439.0,23426
2025-12-03,스타 세이비어,iOS,22524.12,,2476
2025-12-03,스텔라소라,AOS,33383.87,32029.0,5646
2025-12-03,스텔라소라,iOS,27500.00,84443.0,1041
2025-12-03,승리의여신: 니케,AOS,,248728.0,
2025-12-03,승리의여신: 니케,iOS,,237650.0,
2025-12-03,카오스 제로 나이트메어,AOS,192449.16,251973.0,26718
2025-12-03,카오스 제로 나이트메어,iOS,398042.62,149469.0,4471
2025-12-04,듀엣 나이트 어비스,AOS,9976.56,36773.0,1497
2025-12-04,듀엣 나이트 어비스,iOS,5985.67,68644.0,1018
2025-12-04,블루 아카이브,AOS,56566.26,238942.0,1355
2025-12-04,블루 아카이브,iOS,89485.08,154692.0,960
2025-12-04,스타 세이비어,AOS,63374.46,13103.0,13533
2025-12-04,스타 세이비어,iOS,18360.06,,1664
2025-12-04,스텔라소라,AOS,32539.29,30211.0,5725
2025-12-04,스텔라소라,iOS,19686.16,77450.0,905
2025-12-04,승리의여신: 니케,AOS,,252392.0,
2025-12-04,승리의여신: 니케,iOS,,233601.0,
2025-12-04,카오스 제로 나이트메어,AOS,188511.72,244007.0,25183
2025-12-04,카오스 제로 나이트메어,iOS,331424.20,144902.0,4766
2025-12-05,듀엣 나이트 어비스,AOS,9872.66,39630.0,1581
2025-12-05,듀엣 나이트 어비스,iOS,5493.06,72691.0,1082
2025-12-05,블루 아카이브,AOS,83530.61,236949.0,1532
2025-12-05,블루 아카이브,iOS,50917.88,150186.0,984
2025-12-05,스타 세이비어,AOS,74147.56,12818.0,11181
2025-12-05,스타 세이비어,iOS,16839.86,,1077
2025-12-05,스텔라소라,AOS,38250.09,29509.0,6278
2025-12-05,스텔라소라,iOS,15686.34,74435.0,793
2025-12-05,승리의여신: 니케,AOS,,255351.0,
2025-12-05,승리의여신: 니케,iOS,,238797.0,
2025-12-05,카오스 제로 나이트메어,AOS,242777.37,238767.0,24024
2025-12-05,카오스 제로 나이트메어,iOS,209845.81,143104.0,5299
2025-12-06,듀엣 나이트 어비스,AOS,8222.45,44548.0,1771
2025-12-06,듀엣 나이트 어비스,iOS,5305.34,91930.0,1422
2025-12-06,블루 아카이브,AOS,72783.61,246253.0,1701
2025-12-06,블루 아카이브,iOS,43628.57,164045.0,1396
2025-12-06,스타 세이비어,AOS,55170.68,10846.0,6841
2025-12-06,스타 세이비어,iOS,20047.42,,1099
2025-12-06,스텔라소라,AOS,32200.37,29205.0,6406
2025-12-06,스텔라소라,iOS,16675.60,84187.0,1078
2025-12-06,승리의여신: 니케,AOS,,260383.0,
2025-12-06,승리의여신: 니케,iOS,,253570.0,
2025-12-06,카오스 제로 나이트메어,AOS,243103.95,241558.0,24704
2025-12-06,카오스 제로 나이트메어,iOS,137227.18,150189.0,6554
2025-12-07,듀엣 나이트 어비스,AOS,6704.71,40355.0,1597
2025-12-07,듀엣 나이트 어비스,iOS,5072.86,89142.0,1327
2025-12-07,블루 아카이브,AOS,54824.52,245816.0,1409
2025-12-07,블루 아카이브,iOS,36818.97,161649.0,1388
2025-12-07,스타 세이비어,AOS,47078.97,13184.0,4372
2025-12-07,스타 세이비어,iOS,18173.07,,1204
2025-12-07,스텔라소라,AOS,25823.51,27451.0,5616
2025-12-07,스텔라소라,iOS,15733.58,77633.0,1062
2025-12-07,승리의여신: 니케,AOS,,271890.0,
2025-12-07,승리의여신: 니케,iOS,,276314.0,
2025-12-07,카오스 제로 나이트메어,AOS,241377.57,228898.0,19004
2025-12-07,카오스 제로 나이트메어,iOS,103899.28,147689.0,6173
2025-12-08,듀엣 나이트 어비스,AOS,5294.67,35724.0,1356
2025-12-08,듀엣 나이트 어비스,iOS,5526.68,65630.0,905
2025-12-08,블루 아카이브,AOS,44953.57,220900.0,1206
2025-12-08,블루 아카이브,iOS,24747.92,139611.0,992
2025-12-08,스타 세이비어,AOS,41286.92,11855.0,2489
2025-12-08,스타 세이비어,iOS,15200.37,,883
2025-12-08,스텔라소라,AOS,31202.59,26638.0,5514
2025-12-08,스텔라소라,iOS,17844.00,87516.0,792
2025-12-08,승리의여신: 니케,AOS,,255347.0,
2025-12-08,승리의여신: 니케,iOS,,258118.0,
2025-12-08,카오스 제로 나이트메어,AOS,201825.39,219077.0,12559
2025-12-08,카오스 제로 나이트메어,iOS,64929.91,140869.0,4761
2025-12-09,듀엣 나이트 어비스,AOS,4805.22,36878.0,1265
2025-12-09,듀엣 나이트 어비스,iOS,4855.38,66817.0,923
2025-12-09,블루 아카이브,AOS,41630.89,227321.0,1210
2025-12-09,블루 아카이브,iOS,23724.84,142478.0,1077
2025-12-09,스타 세이비어,AOS,42472.86,11722.0,2052
2025-12-09,스타 세이비어,iOS,12825.31,,702
2025-12-09,스텔라소라,AOS,46790.57,27263.0,5452
2025-12-09,스텔라소라,iOS,49585.51,93164.0,824
2025-12-09,승리의여신: 니케,AOS,,247004.0,
2025-12-09,승리의여신: 니케,iOS,,243993.0,
2025-12-09,카오스 제로 나이트메어,AOS,129274.46,225356.0,9750
2025-12-09,카오스 제로 나이트메어,iOS,59235.68,144205.0,4321
2025-12-10,듀엣 나이트 어비스,AOS,5409.99,36088.0,1199
2025-12-10,듀엣 나이트 어비스,iOS,4130.09,67942.0,885
2025-12-10,블루 아카이브,AOS,42547.01,225019.0,1641
2025-12-10,블루 아카이브,iOS,31180.09,136292.0,894
2025-12-10,스타 세이비어,AOS,54099.87,11720.0,1891
2025-12-10,스타 세이비어,iOS,14768.01,,498
2025-12-10,스텔라소라,AOS,53752.08,26082.0,5403
2025-12-10,스텔라소라,iOS,99763.17,74098.0,825
2025-12-10,승리의여신: 니케,AOS,,242237.0,
2025-12-10,승리의여신: 니케,iOS,,239995.0,
2025-12-10,카오스 제로 나이트메어,AOS,111026.72,225321.0,7893
2025-12-10,카오스 제로 나이트메어,iOS,61433.63,143747.0,3760
2025-12-11,듀엣 나이트 어비스,AOS,4695.09,35671.0,1176
2025-12-11,듀엣 나이트 어비스,iOS,4008.06,67267.0,968
2025-12-11,블루 아카이브,AOS,32065.52,237238.0,3669
2025-12-11,블루 아카이브,iOS,26747.14,145919.0,896
2025-12-11,스타 세이비어,AOS,50028.94,12023.0,1937
2025-12-11,스타 세이비어,iOS,20860.17,,477
2025-12-11,스텔라소라,AOS,53388.46,25846.0,5330
2025-12-11,스텔라소라,iOS,48707.70,83913.0,767
2025-12-11,승리의여신: 니케,AOS,,234385.0,
2025-12-11,승리의여신: 니케,iOS,,228983.0,
2025-12-11,카오스 제로 나이트메어,AOS,82710.72,216726.0,6255
2025-12-11,카오스 제로 나이트메어,iOS,62710.92,141928.0,3636
2025-12-12,듀엣 나이트 어비스,AOS,5275.00,39292.0,1229
2025-12-12,듀엣 나이트 어비스,iOS,3990.68,72682.0,1178
2025-12-12,블루 아카이브,AOS,41097.14,234670.0,6044
2025-12-12,블루 아카이브,iOS,22406.57,139702.0,997
2025-12-12,스타 세이비어,AOS,56223.33,11791.0,2069
2025-12-12,스타 세이비어,iOS,17619.22,,509
2025-12-12,스텔라소라,AOS,71488.21,25184.0,6160
2025-12-12,스텔라소라,iOS,24243.47,70102.0,678
2025-12-12,승리의여신: 니케,AOS,,240465.0,
2025-12-12,승리의여신: 니케,iOS,,231865.0,
2025-12-12,카오스 제로 나이트메어,AOS,85707.29,206361.0,5566
2025-12-12,카오스 제로 나이트메어,iOS,55728.23,135631.0,3235
2025-12-13,듀엣 나이트 어비스,AOS,5063.02,44884.0,1346
2025-12-13,듀엣 나이트 어비스,iOS,4701.71,97158.0,1651
2025-12-13,블루 아카이브,AOS,42005.15,244681.0,8012
2025-12-13,블루 아카이브,iOS,27325.48,153720.0,1442
2025-12-13,스타 세이비어,AOS,43441.80,11029.0,2175
2025-12-13,스타 세이비어,iOS,16777.23,,522
2025-12-13,스텔라소라,AOS,61919.29,25502.0,7134
2025-12-13,스텔라소라,iOS,19639.85,75469.0,932
2025-12-13,승리의여신: 니케,AOS,,257969.0,
2025-12-13,승리의여신: 니케,iOS,,267295.0,
2025-12-13,카오스 제로 나이트메어,AOS,76278.39,200085.0,5060
2025-12-13,카오스 제로 나이트메어,iOS,43061.64,131556.0,3929
2025-12-14,듀엣 나이트 어비스,AOS,4561.20,39892.0,1211
2025-12-14,듀엣 나이트 어비스,iOS,4702.01,92846.0,1523
2025-12-14,블루 아카이브,AOS,40516.13,245837.0,7786
2025-12-14,블루 아카이브,iOS,29677.13,151875.0,1355
2025-12-14,스타 세이비어,AOS,36913.25,10617.0,2231
2025-12-14,스타 세이비어,iOS,11839.94,,416
2025-12-14,스텔라소라,AOS,51004.71,23303.0,6511
2025-12-14,스텔라소라,iOS,14410.86,64405.0,911
2025-12-14,승리의여신: 니케,AOS,,250095.0,
2025-12-14,승리의여신: 니케,iOS,,265150.0,
2025-12-14,카오스 제로 나이트메어,AOS,61985.78,200605.0,3924
2025-12-14,카오스 제로 나이트메어,iOS,40578.74,138856.0,3739
2025-12-15,듀엣 나이트 어비스,AOS,4147.10,33540.0,1027
2025-12-15,듀엣 나이트 어비스,iOS,4669.82,65365.0,1072
2025-12-15,블루 아카이브,AOS,61253.18,252530.0,7757
2025-12-15,블루 아카이브,iOS,33478.88,146773.0,975
2025-12-15,스타 세이비어,AOS,33817.77,10386.0,2356
2025-12-15,스타 세이비어,iOS,7282.14,,240
2025-12-15,스텔라소라,AOS,30686.82,22773.0,5805
2025-12-15,스텔라소라,iOS,14005.86,71961.0,578
2025-12-15,승리의여신: 니케,AOS,,238978.0,
2025-12-15,승리의여신: 니케,iOS,,243730.0,
2025-12-15,카오스 제로 나이트메어,AOS,50733.99,184305.0,3221
2025-12-15,카오스 제로 나이트메어,iOS,34232.62,122771.0,2888
2025-12-16,듀엣 나이트 어비스,AOS,4038.77,33293.0,998
2025-12-16,듀엣 나이트 어비스,iOS,3908.30,67703.0,999
2025-12-16,블루 아카이브,AOS,87172.95,281108.0,7990
2025-12-16,블루 아카이브,iOS,111978.15,152375.0,1085
2025-12-16,스타 세이비어,AOS,33004.06,10515.0,3550
2025-12-16,스타 세이비어,iOS,6740.49,,204
2025-12-16,스텔라소라,AOS,20603.57,24142.0,6865
2025-12-16,스텔라소라,iOS,11803.58,67290.0,541
2025-12-16,승리의여신: 니케,AOS,,234289.0,
2025-12-16,승리의여신: 니케,iOS,,235840.0,
2025-12-16,카오스 제로 나이트메어,AOS,49091.44,186586.0,3504
2025-12-16,카오스 제로 나이트메어,iOS,32755.25,125032.0,2840
2025-12-17,듀엣 나이트 어비스,AOS,4218.06,33848.0,1006
2025-12-17,듀엣 나이트 어비스,iOS,3782.65,63228.0,906
2025-12-17,블루 아카이브,AOS,104992.98,285712.0,7561
2025-12-17,블루 아카이브,iOS,99260.48,147784.0,1202
2025-12-17,스타 세이비어,AOS,29166.01,9496.0,4034
2025-12-17,스타 세이비어,iOS,5665.72,,211
2025-12-17,스텔라소라,AOS,17973.90,25017.0,5588
2025-12-17,스텔라소라,iOS,10206.81,69684.0,516
2025-12-17,승리의여신: 니케,AOS,,224086.0,
2025-12-17,승리의여신: 니케,iOS,,220755.0,
2025-12-17,카오스 제로 나이트메어,AOS,45242.54,190475.0,3000
2025-12-17,카오스 제로 나이트메어,iOS,28587.96,124797.0,2876
2025-12-18,듀엣 나이트 어비스,AOS,4290.07,34611.0,1003
2025-12-18,듀엣 나이트 어비스,iOS,4030.82,61544.0,887
2025-12-18,블루 아카이브,AOS,112966.20,289813.0,5639
2025-12-18,블루 아카이브,iOS,54764.09,148521.0,1188
2025-12-18,스타 세이비어,AOS,23085.56,9278.0,4602
2025-12-18,스타 세이비어,iOS,6505.93,,320
2025-12-18,스텔라소라,AOS,16347.13,24603.0,6387
2025-12-18,스텔라소라,iOS,7729.77,66345.0,497
2025-12-18,승리의여신: 니케,AOS,,231605.0,
2025-12-18,승리의여신: 니케,iOS,,227410.0,
2025-12-18,카오스 제로 나이트메어,AOS,43780.62,171152.0,2738
2025-12-18,카오스 제로 나이트메어,iOS,29431.55,118071.0,2752
2025-12-19,듀엣 나이트 어비스,AOS,4631.18,37886.0,1080
2025-12-19,듀엣 나이트 어비스,iOS,4194.50,68604.0,926
2025-12-19,블루 아카이브,AOS,126921.07,301164.0,4306
2025-12-19,블루 아카이브,iOS,39469.28,154621.0,1289
2025-12-19,스타 세이비어,AOS,19081.32,9635.0,4911
2025-12-19,스타 세이비어,iOS,5636.87,,403
2025-12-19,스텔라소라,AOS,14740.24,25089.0,8784
2025-12-19,스텔라소라,iOS,8508.23,59176.0,523
2025-12-19,승리의여신: 니케,AOS,,225135.0,
2025-12-19,승리의여신: 니케,iOS,,222345.0,
2025-12-19,카오스 제로 나이트메어,AOS,45345.56,167941.0,3047
2025-12-19,카오스 제로 나이트메어,iOS,28233.90,119582.0,2465
2025-12-20,듀엣 나이트 어비스,AOS,4985.52,43892.0,1104
2025-12-20,듀엣 나이트 어비스,iOS,4874.69,93034.0,1345
2025-12-20,블루 아카이브,AOS,128659.49,282544.0,4039
2025-12-20,블루 아카이브,iOS,37956.34,158291.0,1686
2025-12-20,스타 세이비어,AOS,15801.62,9925.0,3431
2025-12-20,스타 세이비어,iOS,5017.43,,466
2025-12-20,스텔라소라,AOS,15099.77,25396.0,12014
2025-12-20,스텔라소라,iOS,8299.04,68469.0,691
2025-12-20,승리의여신: 니케,AOS,,228329.0,
2025-12-20,승리의여신: 니케,iOS,,231284.0,
2025-12-20,카오스 제로 나이트메어,AOS,45037.97,170108.0,3438
2025-12-20,카오스 제로 나이트메어,iOS,32714.37,122817.0,3143
2025-12-21,듀엣 나이트 어비스,AOS,4767.70,41133.0,1620
2025-12-21,듀엣 나이트 어비스,iOS,4793.58,89435.0,1292
2025-12-21,블루 아카이브,AOS,116399.26,302656.0,3199
2025-12-21,블루 아카이브,iOS,50371.73,169809.0,1633
2025-12-21,스타 세이비어,AOS,17482.94,9553.0,2398
2025-12-21,스타 세이비어,iOS,5262.49,,659
2025-12-21,스텔라소라,AOS,13951.18,23771.0,10529
2025-12-21,스텔라소라,iOS,11553.06,65328.0,767
2025-12-21,승리의여신: 니케,AOS,,221384.0,
2025-12-21,승리의여신: 니케,iOS,,239036.0,
2025-12-21,카오스 제로 나이트메어,AOS,41307.86,158335.0,2877
2025-12-21,카오스 제로 나이트메어,iOS,37169.85,114799.0,3465
2025-12-22,듀엣 나이트 어비스,AOS,11679.90,40936.0,2683
2025-12-22,듀엣 나이트 어비스,iOS,8361.77,68630.0,1126
2025-12-22,블루 아카이브,AOS,120486.87,299156.0,2884
2025-12-22,블루 아카이브,iOS,73790.36,157674.0,1258
2025-12-22,스타 세이비어,AOS,25097.27,9469.0,1951
2025-12-22,스타 세이비어,iOS,4226.36,,1956
2025-12-22,스텔라소라,AOS,18131.29,22159.0,11485
2025-12-22,스텔라소라,iOS,13113.86,78027.0,700
2025-12-22,승리의여신: 니케,AOS,,214116.0,
2025-12-22,승리의여신: 니케,iOS,,220573.0,
2025-12-22,카오스 제로 나이트메어,AOS,38183.63,153445.0,2934
2025-12-22,카오스 제로 나이트메어,iOS,37376.94,110152.0,2676
2025-12-23,듀엣 나이트 어비스,AOS,17169.82,42877.0,3788
2025-12-23,듀엣 나이트 어비스,iOS,30189.43,75133.0,2003
2025-12-23,블루 아카이브,AOS,163348.66,296679.0,2906
2025-12-23,블루 아카이브,iOS,165937.99,152577.0,1195
2025-12-23,스타 세이비어,AOS,41896.20,8679.0,1067
2025-12-23,스타 세이비어,iOS,41487.43,,1467
2025-12-23,스텔라소라,AOS,40811.02,23421.0,12160
2025-12-23,스텔라소라,iOS,57666.59,82627.0,4369
2025-12-23,승리의여신: 니케,AOS,,231067.0,
2025-12-23,승리의여신: 니케,iOS,,234015.0,
2025-12-23,카오스 제로 나이트메어,AOS,208316.55,158141.0,4148
2025-12-23,카오스 제로 나이트메어,iOS,78567.49,109275.0,2650
2025-12-24,듀엣 나이트 어비스,AOS,22701.63,43612.0,3929
2025-12-24,듀엣 나이트 어비스,iOS,22034.43,64087.0,1945
2025-12-24,블루 아카이브,AOS,205610.14,300720.0,2752
2025-12-24,블루 아카이브,iOS,226995.21,162883.0,1216
2025-12-24,스타 세이비어,AOS,58493.75,8631.0,880
2025-12-24,스타 세이비어,iOS,46321.11,,854
2025-12-24,스텔라소라,AOS,51651.35,23774.0,11462
2025-12-24,스텔라소라,iOS,78953.31,80464.0,13222
2025-12-24,승리의여신: 니케,AOS,,231454.0,
2025-12-24,승리의여신: 니케,iOS,,230364.0,
2025-12-24,카오스 제로 나이트메어,AOS,308386.35,178807.0,4612
2025-12-24,카오스 제로 나이트메어,iOS,597382.11,127296.0,3657
2025-12-25,듀엣 나이트 어비스,AOS,24511.06,42523.0,3481
2025-12-25,듀엣 나이트 어비스,iOS,15454.45,66644.0,2165
2025-12-25,블루 아카이브,AOS,205861.14,313188.0,2688
2025-12-25,블루 아카이브,iOS,259473.55,172742.0,1187
2025-12-25,스타 세이비어,AOS,55474.88,8401.0,645
2025-12-25,스타 세이비어,iOS,28582.58,,492
2025-12-25,스텔라소라,AOS,57137.05,25358.0,10853
2025-12-25,스텔라소라,iOS,52730.48,104272.0,18560
2025-12-25,승리의여신: 니케,AOS,,232175.0,
2025-12-25,승리의여신: 니케,iOS,,227111.0,
2025-12-25,카오스 제로 나이트메어,AOS,376137.26,175835.0,5185
2025-12-25,카오스 제로 나이트메어,iOS,608319.42,134016.0,4847
2025-12-26,듀엣 나이트 어비스,AOS,23438.27,44263.0,3137
2025-12-26,듀엣 나이트 어비스,iOS,11352.32,65175.0,1885
2025-12-26,블루 아카이브,AOS,204249.02,293564.0,2625
2025-12-26,블루 아카이브,iOS,127514.13,159405.0,1157
2025-12-26,스타 세이비어,AOS,53310.13,8294.0,631
2025-12-26,스타 세이비어,iOS,17094.58,,387
2025-12-26,스텔라소라,AOS,56805.60,27703.0,11077
2025-12-26,스텔라소라,iOS,37819.93,86860.0,14601
2025-12-26,승리의여신: 니케,AOS,,232338.0,
2025-12-26,승리의여신: 니케,iOS,,227786.0,
2025-12-26,카오스 제로 나이트메어,AOS,416988.18,176198.0,5290
2025-12-26,카오스 제로 나이트메어,iOS,368740.63,129216.0,4518
2025-12-27,듀엣 나이트 어비스,AOS,23214.97,47595.0,2951
2025-12-27,듀엣 나이트 어비스,iOS,8735.95,85567.0,1954
2025-12-27,블루 아카이브,AOS,178317.07,286501.0,2576
2025-12-27,블루 아카이브,iOS,77797.04,165976.0,1356
2025-12-27,스타 세이비어,AOS,49009.71,7714.0,607
2025-12-27,스타 세이비어,iOS,11202.61,,326
2025-12-27,스텔라소라,AOS,54185.19,28944.0,10131
2025-12-27,스텔라소라,iOS,22446.92,94629.0,14897
2025-12-27,승리의여신: 니케,AOS,,226756.0,
2025-12-27,승리의여신: 니케,iOS,,224815.0,
2025-12-27,카오스 제로 나이트메어,AOS,396346.65,180572.0,5328
2025-12-27,카오스 제로 나이트메어,iOS,248033.33,129824.0,4944
2025-12-28,듀엣 나이트 어비스,AOS,21007.43,39722.0,2307
2025-12-28,듀엣 나이트 어비스,iOS,7687.60,80226.0,1831
2025-12-28,블루 아카이브,AOS,159341.96,286708.0,2253
2025-12-28,블루 아카이브,iOS,66028.84,166912.0,1337
2025-12-28,스타 세이비어,AOS,40095.32,8187.0,481
2025-12-28,스타 세이비어,iOS,8425.03,,308
2025-12-28,스텔라소라,AOS,51477.17,29311.0,8678
2025-12-28,스텔라소라,iOS,21885.47,86357.0,11988
2025-12-28,승리의여신: 니케,AOS,,229402.0,
2025-12-28,승리의여신: 니케,iOS,,234083.0,
2025-12-28,카오스 제로 나이트메어,AOS,360713.25,181486.0,4970
2025-12-28,카오스 제로 나이트메어,iOS,195278.72,132492.0,4713
2025-12-29,듀엣 나이트 어비스,AOS,16357.45,36509.0,1818
2025-12-29,듀엣 나이트 어비스,iOS,7299.68,66370.0,1494
2025-12-29,블루 아카이브,AOS,134170.67,288962.0,2113
2025-12-29,블루 아카이브,iOS,72183.11,165239.0,1165
2025-12-29,스타 세이비어,AOS,26611.29,7778.0,418
2025-12-29,스타 세이비어,iOS,6489.19,,236
2025-12-29,스텔라소라,AOS,34979.59,28780.0,7321
2025-12-29,스텔라소라,iOS,23926.64,73990.0,9513
2025-12-29,승리의여신: 니케,AOS,,243352.0,
2025-12-29,승리의여신: 니케,iOS,,243470.0,
2025-12-29,카오스 제로 나이트메어,AOS,337171.77,185968.0,4508
2025-12-29,카오스 제로 나이트메어,iOS,130983.75,134005.0,4070
2025-12-30,듀엣 나이트 어비스,AOS,9313.93,40230.0,1483
2025-12-30,듀엣 나이트 어비스,iOS,6109.64,71991.0,1294
2025-12-30,블루 아카이브,AOS,96588.91,284920.0,2025
2025-12-30,블루 아카이브,iOS,56998.63,165475.0,1122
2025-12-30,스타 세이비어,AOS,16945.26,7736.0,332
2025-12-30,스타 세이비어,iOS,6096.11,,209
2025-12-30,스텔라소라,AOS,22422.82,29058.0,7306
2025-12-30,스텔라소라,iOS,22227.67,69099.0,8393
2025-12-30,승리의여신: 니케,AOS,,279314.0,
2025-12-30,승리의여신: 니케,iOS,,280829.0,
2025-12-30,카오스 제로 나이트메어,AOS,211865.73,186023.0,4632
2025-12-30,카오스 제로 나이트메어,iOS,108002.01,127733.0,3806
2025-12-31,듀엣 나이트 어비스,AOS,17485.12,41088.0,1481
2025-12-31,듀엣 나이트 어비스,iOS,6350.69,71215.0,1189
2025-12-31,블루 아카이브,AOS,217655.56,308567.0,2200
2025-12-31,블루 아카이브,iOS,105124.62,187847.0,1205
2025-12-31,스타 세이비어,AOS,41518.06,7716.0,362
2025-12-31,스타 세이비어,iOS,5166.26,,195
2025-12-31,스텔라소라,AOS,59698.23,27847.0,6828
2025-12-31,스텔라소라,iOS,16247.25,79697.0,7544
2025-12-31,승리의여신: 니케,AOS,,306684.0,
2025-12-31,승리의여신: 니케,iOS,,306616.0,
2025-12-31,카오스 제로 나이트메어,AOS,345304.98,192611.0,4936
2025-12-31,카오스 제로 나이트메어,iOS,107436.69,135755.0,3565
2026-01-01,듀엣 나이트 어비스,AOS,14664.84,39644.0,1533
2026-01-01,듀엣 나이트 어비스,iOS,7828.82,74315.0,1597
2026-01-01,블루 아카이브,AOS,187632.60,300082.0,2238
2026-01-01,블루 아카이브,iOS,268829.63,183254.0,1593
2026-01-01,스타 세이비어,AOS,33308.68,7691.0,381
2026-01-01,스타 세이비어,iOS,15626.97,,178
2026-01-01,스텔라소라,AOS,51017.99,27248.0,6557
2026-01-01,스텔라소라,iOS,48297.87,85342.0,4981
2026-01-01,승리의여신: 니케,AOS,,316070.0,
2026-01-01,승리의여신: 니케,iOS,,314516.0,
2026-01-01,카오스 제로 나이트메어,AOS,228881.16,193707.0,4790
2026-01-01,카오스 제로 나이트메어,iOS,205481.62,135773.0,3884
2026-01-02,듀엣 나이트 어비스,AOS,9502.61,40588.0,1470
2026-01-02,듀엣 나이트 어비스,iOS,5811.03,71301.0,1635
2026-01-02,블루 아카이브,AOS,112464.69,263141.0,2086
2026-01-02,블루 아카이브,iOS,78953.41,161085.0,1590
2026-01-02,스타 세이비어,AOS,18221.55,7229.0,406
2026-01-02,스타 세이비어,iOS,7943.60,,178
2026-01-02,스텔라소라,AOS,29715.80,26673.0,6043
2026-01-02,스텔라소라,iOS,28026.76,78953.0,1706
2026-01-02,승리의여신: 니케,AOS,,319402.0,
2026-01-02,승리의여신: 니케,iOS,,316097.0,
2026-01-02,카오스 제로 나이트메어,AOS,135799.78,185447.0,4474
2026-01-02,카오스 제로 나이트메어,iOS,85169.36,131658.0,3526
2026-01-03,듀엣 나이트 어비스,AOS,7701.40,43163.0,1444
2026-01-03,듀엣 나이트 어비스,iOS,4684.19,72215.0,1516
2026-01-03,블루 아카이브,AOS,87476.53,258426.0,2068
2026-01-03,블루 아카이브,iOS,63918.08,160532.0,1454
2026-01-03,스타 세이비어,AOS,13766.11,7228.0,449
2026-01-03,스타 세이비어,iOS,5482.19,,203
2026-01-03,스텔라소라,AOS,23094.70,24885.0,5225
2026-01-03,스텔라소라,iOS,18865.66,68647.0,1343
2026-01-03,승리의여신: 니케,AOS,,315271.0,
2026-01-03,승리의여신: 니케,iOS,,302864.0,
2026-01-03,카오스 제로 나이트메어,AOS,101690.02,180060.0,4265
2026-01-03,카오스 제로 나이트메어,iOS,77517.12,123075.0,3599
2026-01-04,듀엣 나이트 어비스,AOS,6172.18,36740.0,1227
2026-01-04,듀엣 나이트 어비스,iOS,4241.54,69177.0,1192
2026-01-04,블루 아카이브,AOS,66625.34,249914.0,1792
2026-01-04,블루 아카이브,iOS,44313.03,151265.0,1135
2026-01-04,스타 세이비어,AOS,11146.17,6628.0,361
2026-01-04,스타 세이비어,iOS,5594.42,,191
2026-01-04,스텔라소라,AOS,18096.68,23546.0,3738
2026-01-04,스텔라소라,iOS,13447.98,60068.0,1124
2026-01-04,승리의여신: 니케,AOS,,315872.0,
2026-01-04,승리의여신: 니케,iOS,,300780.0,
2026-01-04,카오스 제로 나이트메어,AOS,85521.47,178611.0,3790
2026-01-04,카오스 제로 나이트메어,iOS,58642.80,123738.0,3472
2026-01-05,듀엣 나이트 어비스,AOS,5407.59,34806.0,1129
2026-01-05,듀엣 나이트 어비스,iOS,4220.61,63301.0,894
2026-01-05,블루 아카이브,AOS,55179.37,234075.0,1670
2026-01-05,블루 아카이브,iOS,42110.03,143358.0,1083
2026-01-05,스타 세이비어,AOS,10435.66,6615.0,353
2026-01-05,스타 세이비어,iOS,5189.77,,152
2026-01-05,스텔라소라,AOS,16090.63,22616.0,2814
2026-01-05,스텔라소라,iOS,12195.55,58210.0,873
2026-01-05,승리의여신: 니케,AOS,,305659.0,
2026-01-05,승리의여신: 니케,iOS,,286776.0,
2026-01-05,카오스 제로 나이트메어,AOS,74934.25,178277.0,3315
2026-01-05,카오스 제로 나이트메어,iOS,56555.02,119648.0,2659
2026-01-06,듀엣 나이트 어비스,AOS,4867.17,37510.0,1038
2026-01-06,듀엣 나이트 어비스,iOS,3543.14,65713.0,776
2026-01-06,블루 아카이브,AOS,52095.77,241093.0,1553
2026-01-06,블루 아카이브,iOS,55696.59,145976.0,946
2026-01-06,스타 세이비어,AOS,10140.02,6985.0,327
2026-01-06,스타 세이비어,iOS,4601.05,,146
2026-01-06,스텔라소라,AOS,14576.36,22149.0,2319
2026-01-06,스텔라소라,iOS,10601.45,73441.0,806
2026-01-06,승리의여신: 니케,AOS,,307130.0,
2026-01-06,승리의여신: 니케,iOS,,285581.0,
2026-01-06,카오스 제로 나이트메어,AOS,70050.16,171528.0,3230
2026-01-06,카오스 제로 나이트메어,iOS,56741.84,114246.0,2348
2026-01-07,듀엣 나이트 어비스,AOS,4278.92,37638.0,950
2026-01-07,듀엣 나이트 어비스,iOS,3210.50,64925.0,779
2026-01-07,블루 아카이브,AOS,48996.86,228235.0,1436
2026-01-07,블루 아카이브,iOS,80562.93,140775.0,1052
2026-01-07,스타 세이비어,AOS,11186.04,7037.0,448
2026-01-07,스타 세이비어,iOS,5702.37,,150
2026-01-07,스텔라소라,AOS,13006.81,21897.0,2114
2026-01-07,스텔라소라,iOS,9924.38,58747.0,788
2026-01-07,승리의여신: 니케,AOS,,304821.0,
2026-01-07,승리의여신: 니케,iOS,,288140.0,
2026-01-07,카오스 제로 나이트메어,AOS,67973.53,173882.0,3022
2026-01-07,카오스 제로 나이트메어,iOS,50773.61,116963.0,2409
2026-01-08,듀엣 나이트 어비스,AOS,4449.92,38064.0,887
2026-01-08,듀엣 나이트 어비스,iOS,3272.26,67993.0,693
2026-01-08,블루 아카이브,AOS,55875.69,234014.0,1374
2026-01-08,블루 아카이브,iOS,78776.11,147381.0,1001
2026-01-08,스타 세이비어,AOS,11411.50,7152.0,509
2026-01-08,스타 세이비어,iOS,7911.27,,178
2026-01-08,스텔라소라,AOS,12604.02,20900.0,2067
2026-01-08,스텔라소라,iOS,9180.81,68278.0,706
2026-01-08,승리의여신: 니케,AOS,,309892.0,
2026-01-08,승리의여신: 니케,iOS,,297994.0,
2026-01-08,카오스 제로 나이트메어,AOS,70058.13,168359.0,2714
2026-01-08,카오스 제로 나이트메어,iOS,59889.91,110980.0,2215
2026-01-09,듀엣 나이트 어비스,AOS,5753.30,37699.0,995
2026-01-09,듀엣 나이트 어비스,iOS,4145.79,64153.0,707
2026-01-09,블루 아카이브,AOS,63030.03,226729.0,1574
2026-01-09,블루 아카이브,iOS,47889.93,140293.0,1035
2026-01-09,스타 세이비어,AOS,13568.88,7555.0,678
2026-01-09,스타 세이비어,iOS,6901.92,,202
2026-01-09,스텔라소라,AOS,15971.76,20316.0,2366
2026-01-09,스텔라소라,iOS,10400.93,64975.0,727
2026-01-09,승리의여신: 니케,AOS,,316121.0,
2026-01-09,승리의여신: 니케,iOS,,311039.0,
2026-01-09,카오스 제로 나이트메어,AOS,77369.39,170226.0,2706
2026-01-09,카오스 제로 나이트메어,iOS,58492.20,115834.0,2258
2026-01-10,듀엣 나이트 어비스,AOS,5531.26,37642.0,1137
2026-01-10,듀엣 나이트 어비스,iOS,3423.84,65412.0,954
2026-01-10,블루 아카이브,AOS,67796.76,213788.0,1717
2026-01-10,블루 아카이브,iOS,38761.33,138088.0,1515
2026-01-10,스타 세이비어,AOS,13000.38,8180.0,803
2026-01-10,스타 세이비어,iOS,3910.40,,247
2026-01-10,스텔라소라,AOS,17526.85,19827.0,2571
2026-01-10,스텔라소라,iOS,14620.89,57479.0,1014
2026-01-10,승리의여신: 니케,AOS,,312661.0,
2026-01-10,승리의여신: 니케,iOS,,312639.0,
2026-01-10,카오스 제로 나이트메어,AOS,79118.72,164144.0,2876
2026-01-10,카오스 제로 나이트메어,iOS,59454.61,111986.0,2786
2026-01-11,듀엣 나이트 어비스,AOS,4770.32,31396.0,1050
2026-01-11,듀엣 나이트 어비스,iOS,2904.19,61845.0,875
2026-01-11,블루 아카이브,AOS,63009.74,215980.0,1711
2026-01-11,블루 아카이브,iOS,38318.97,137790.0,1415
2026-01-11,스타 세이비어,AOS,10710.88,8005.0,753
2026-01-11,스타 세이비어,iOS,3114.41,,252
2026-01-11,스텔라소라,AOS,16834.42,19838.0,2236
2026-01-11,스텔라소라,iOS,14857.75,56154.0,1056
2026-01-11,승리의여신: 니케,AOS,,300207.0,
2026-01-11,승리의여신: 니케,iOS,,296630.0,
2026-01-11,카오스 제로 나이트메어,AOS,73556.85,166612.0,2791
2026-01-11,카오스 제로 나이트메어,iOS,57383.82,115535.0,2803
2026-01-12,듀엣 나이트 어비스,AOS,3919.59,28820.0,923
2026-01-12,듀엣 나이트 어비스,iOS,2604.62,55772.0,563
2026-01-12,블루 아카이브,AOS,54096.19,226419.0,1554
2026-01-12,블루 아카이브,iOS,37244.80,141237.0,1004
2026-01-12,스타 세이비어,AOS,9491.63,8279.0,553
2026-01-12,스타 세이비어,iOS,2076.90,,250
2026-01-12,스텔라소라,AOS,17436.13,20179.0,1976
2026-01-12,스텔라소라,iOS,19100.00,56328.0,789
2026-01-12,승리의여신: 니케,AOS,,286164.0,
2026-01-12,승리의여신: 니케,iOS,,275851.0,
2026-01-12,카오스 제로 나이트메어,AOS,68181.92,154188.0,2679
2026-01-12,카오스 제로 나이트메어,iOS,61874.24,107956.0,2401
2026-01-13,듀엣 나이트 어비스,AOS,3671.41,28368.0,888
2026-01-13,듀엣 나이트 어비스,iOS,2579.58,54768.0,457
2026-01-13,블루 아카이브,AOS,49677.09,241950.0,1831
2026-01-13,블루 아카이브,iOS,46580.97,148823.0,966
2026-01-13,스타 세이비어,AOS,7859.44,8162.0,491
2026-01-13,스타 세이비어,iOS,1675.84,,173
2026-01-13,스텔라소라,AOS,24524.64,21385.0,2079
2026-01-13,스텔라소라,iOS,78186.93,66766.0,756
2026-01-13,승리의여신: 니케,AOS,,297381.0,
2026-01-13,승리의여신: 니케,iOS,,283053.0,
2026-01-13,카오스 제로 나이트메어,AOS,98241.69,143551.0,2852
2026-01-13,카오스 제로 나이트메어,iOS,113360.70,99404.0,2144
2026-01-14,듀엣 나이트 어비스,AOS,3671.88,28811.0,869
2026-01-14,듀엣 나이트 어비스,iOS,2691.07,55001.0,470
2026-01-14,블루 아카이브,AOS,50517.79,237294.0,1929
2026-01-14,블루 아카이브,iOS,43237.26,148065.0,953
2026-01-14,스타 세이비어,AOS,7537.36,8575.0,433
2026-01-14,스타 세이비어,iOS,1559.13,,147
2026-01-14,스텔라소라,AOS,42877.42,21437.0,2055
2026-01-14,스텔라소라,iOS,83423.94,60308.0,866
2026-01-14,승리의여신: 니케,AOS,,297291.0,
2026-01-14,승리의여신: 니케,iOS,,284084.0,
2026-01-14,카오스 제로 나이트메어,AOS,149131.91,155813.0,2777
2026-01-14,카오스 제로 나이트메어,iOS,289691.87,106446.0,2356
2026-01-15,듀엣 나이트 어비스,AOS,3938.93,30258.0,875
2026-01-15,듀엣 나이트 어비스,iOS,2566.13,57288.0,475
2026-01-15,블루 아카이브,AOS,53682.44,240516.0,1898
2026-01-15,블루 아카이브,iOS,34312.59,148705.0,943
2026-01-15,스타 세이비어,AOS,8105.52,8564.0,366
2026-01-15,스타 세이비어,iOS,3776.65,,128
2026-01-15,스텔라소라,AOS,48351.46,21855.0,2227
2026-01-15,스텔라소라,iOS,36006.69,58850.0,787
2026-01-15,승리의여신: 니케,AOS,,300117.0,
2026-01-15,승리의여신: 니케,iOS,,292466.0,
2026-01-15,카오스 제로 나이트메어,AOS,158298.45,151264.0,2511
2026-01-15,카오스 제로 나이트메어,iOS,194485.79,108718.0,2118
2026-01-16,듀엣 나이트 어비스,AOS,3890.27,32648.0,966
2026-01-16,듀엣 나이트 어비스,iOS,2536.65,59204.0,528
2026-01-16,블루 아카이브,AOS,60573.42,243348.0,2122
2026-01-16,블루 아카이브,iOS,39373.65,151753.0,992
2026-01-16,스타 세이비어,AOS,8271.26,8495.0,376
2026-01-16,스타 세이비어,iOS,3462.79,,137
2026-01-16,스텔라소라,AOS,48235.86,21615.0,2467
2026-01-16,스텔라소라,iOS,24736.79,50517.0,792
2026-01-16,승리의여신: 니케,AOS,,299922.0,
2026-01-16,승리의여신: 니케,iOS,,295739.0,
2026-01-16,카오스 제로 나이트메어,AOS,169259.44,145918.0,2526
2026-01-16,카오스 제로 나이트메어,iOS,115143.38,99979.0,1918
2026-01-17,듀엣 나이트 어비스,AOS,3506.04,36260.0,1042
2026-01-17,듀엣 나이트 어비스,iOS,2345.85,61728.0,636
2026-01-17,블루 아카이브,AOS,61187.88,257714.0,2607
2026-01-17,블루 아카이브,iOS,38006.39,167030.0,1454
2026-01-17,스타 세이비어,AOS,7893.97,8407.0,332
2026-01-17,스타 세이비어,iOS,3245.57,,167
2026-01-17,스텔라소라,AOS,46942.82,22009.0,2628
2026-01-17,스텔라소라,iOS,17949.40,56646.0,945
2026-01-17,승리의여신: 니케,AOS,,300416.0,
2026-01-17,승리의여신: 니케,iOS,,296950.0,
2026-01-17,카오스 제로 나이트메어,AOS,165684.11,144384.0,2626
2026-01-17,카오스 제로 나이트메어,iOS,65936.52,102877.0,2122
2026-01-18,듀엣 나이트 어비스,AOS,2984.21,33512.0,985
2026-01-18,듀엣 나이트 어비스,iOS,2212.71,62035.0,637
2026-01-18,블루 아카이브,AOS,51650.95,330855.0,2327
2026-01-18,블루 아카이브,iOS,123557.55,221094.0,2179
2026-01-18,스타 세이비어,AOS,7309.74,8966.0,253
2026-01-18,스타 세이비어,iOS,2723.35,,164
2026-01-18,스텔라소라,AOS,38886.00,21741.0,2323
2026-01-18,스텔라소라,iOS,15673.02,45844.0,992
2026-01-18,승리의여신: 니케,AOS,,296168.0,
2026-01-18,승리의여신: 니케,iOS,,277668.0,
2026-01-18,카오스 제로 나이트메어,AOS,145808.50,150518.0,2177
2026-01-18,카오스 제로 나이트메어,iOS,45528.61,107053.0,2117
2026-01-19,듀엣 나이트 어비스,AOS,2587.90,30901.0,867
2026-01-19,듀엣 나이트 어비스,iOS,3647.21,57145.0,508
2026-01-19,블루 아카이브,AOS,55953.56,363648.0,2224
2026-01-19,블루 아카이브,iOS,185219.41,240134.0,1968
2026-01-19,스타 세이비어,AOS,6920.15,9134.0,414
2026-01-19,스타 세이비어,iOS,1731.13,,103
2026-01-19,스텔라소라,AOS,22567.50,21104.0,1656
2026-01-19,스텔라소라,iOS,12041.42,46369.0,661
2026-01-19,승리의여신: 니케,AOS,,287853.0,
2026-01-19,승리의여신: 니케,iOS,,258701.0,
2026-01-19,카오스 제로 나이트메어,AOS,110877.66,147923.0,1845
2026-01-19,카오스 제로 나이트메어,iOS,30169.70,106199.0,1750
2026-01-20,듀엣 나이트 어비스,AOS,3492.38,31693.0,1072
2026-01-20,듀엣 나이트 어비스,iOS,6277.46,57443.0,615
2026-01-20,명일방주: 엔드필드,iOS,0.00,331396.0,474219
2026-01-20,블루 아카이브,AOS,153473.89,435168.0,2657
2026-01-20,블루 아카이브,iOS,421843.95,292008.0,2131
2026-01-20,스타 세이비어,AOS,8160.10,9383.0,514
2026-01-20,스타 세이비어,iOS,1762.00,,146
2026-01-20,스텔라소라,AOS,13729.79,19995.0,1472
2026-01-20,스텔라소라,iOS,10852.56,53560.0,593
2026-01-20,승리의여신: 니케,AOS,,292751.0,
2026-01-20,승리의여신: 니케,iOS,,258102.0,
2026-01-20,카오스 제로 나이트메어,AOS,73341.58,136062.0,2005
2026-01-20,카오스 제로 나이트메어,iOS,27982.81,90695.0,1499
2026-01-21,듀엣 나이트 어비스,AOS,3777.18,32205.0,1175
2026-01-21,듀엣 나이트 어비스,iOS,4785.79,57351.0,590
2026-01-21,명일방주: 엔드필드,iOS,196782.34,503498.0,378221
2026-01-21,블루 아카이브,AOS,284271.82,426650.0,2592
2026-01-21,블루 아카이브,iOS,567833.94,283459.0,2110
2026-01-21,스타 세이비어,AOS,9624.54,9171.0,494
2026-01-21,스타 세이비어,iOS,2529.94,,195
2026-01-21,스텔라소라,AOS,12623.46,20222.0,1072
2026-01-21,스텔라소라,iOS,9263.82,50418.0,523
2026-01-21,승리의여신: 니케,AOS,,279620.0,
2026-01-21,승리의여신: 니케,iOS,,244488.0,
2026-01-21,카오스 제로 나이트메어,AOS,43592.94,140101.0,1894
2026-01-21,카오스 제로 나이트메어,iOS,22298.40,97202.0,1352
2026-01-22,듀엣 나이트 어비스,AOS,3970.26,31785.0,1084
2026-01-22,듀엣 나이트 어비스,iOS,4050.66,56230.0,486
2026-01-22,명일방주: 엔드필드,AOS,398973.92,230512.0,296448
2026-01-22,명일방주: 엔드필드,iOS,1982774.75,703634.0,471837
2026-01-22,블루 아카이브,AOS,488244.20,428375.0,2348
2026-01-22,블루 아카이브,iOS,312402.80,284521.0,1843
2026-01-22,스타 세이비어,AOS,8504.60,9234.0,433
2026-01-22,스타 세이비어,iOS,4913.49,,196
2026-01-22,스텔라소라,AOS,10177.24,20931.0,869
2026-01-22,스텔라소라,iOS,7882.55,49307.0,490
2026-01-22,승리의여신: 니케,AOS,,271959.0,
2026-01-22,승리의여신: 니케,iOS,,241738.0,
2026-01-22,카오스 제로 나이트메어,AOS,37893.07,139463.0,1722
2026-01-22,카오스 제로 나이트메어,iOS,21584.32,97559.0,1322
2026-01-23,듀엣 나이트 어비스,AOS,4889.08,34532.0,1086
2026-01-23,듀엣 나이트 어비스,iOS,3838.29,56363.0,527
2026-01-23,명일방주: 엔드필드,AOS,447638.26,433004.0,302322
2026-01-23,명일방주: 엔드필드,iOS,2467946.99,798405.0,379593
2026-01-23,블루 아카이브,AOS,483561.38,413960.0,2658
2026-01-23,블루 아카이브,iOS,210599.76,275539.0,1642
2026-01-23,스타 세이비어,AOS,10131.21,9474.0,459
2026-01-23,스타 세이비어,iOS,4271.09,,190
2026-01-23,스텔라소라,AOS,11583.79,21087.0,925
2026-01-23,스텔라소라,iOS,6994.54,46069.0,439
2026-01-23,승리의여신: 니케,AOS,,262305.0,
2026-01-23,승리의여신: 니케,iOS,,238250.0,
2026-01-23,카오스 제로 나이트메어,AOS,40760.56,131576.0,1871
2026-01-23,카오스 제로 나이트메어,iOS,27847.06,91511.0,1023
2026-01-24,듀엣 나이트 어비스,AOS,4473.99,37718.0,1140
2026-01-24,듀엣 나이트 어비스,iOS,3402.67,59436.0,722
2026-01-24,명일방주: 엔드필드,AOS,530893.74,572705.0,269597
2026-01-24,명일방주: 엔드필드,iOS,1833694.45,842925.0,318756
2026-01-24,블루 아카이브,AOS,508277.38,416975.0,3173
2026-01-24,블루 아카이브,iOS,130618.89,288312.0,2185
2026-01-24,스타 세이비어,AOS,9373.78,9689.0,542
2026-01-24,스타 세이비어,iOS,3097.52,,241
2026-01-24,스텔라소라,AOS,10131.62,20464.0,980
2026-01-24,스텔라소라,iOS,7649.29,46331.0,537
2026-01-24,승리의여신: 니케,AOS,,258372.0,
2026-01-24,승리의여신: 니케,iOS,,251002.0,
2026-01-24,카오스 제로 나이트메어,AOS,38456.74,129285.0,2136
2026-01-24,카오스 제로 나이트메어,iOS,26001.82,88431.0,1229
2026-01-25,듀엣 나이트 어비스,AOS,4171.90,34350.0,1055
2026-01-25,듀엣 나이트 어비스,iOS,2814.06,59829.0,700
2026-01-25,명일방주: 엔드필드,AOS,729670.11,660655.0,245512
2026-01-25,명일방주: 엔드필드,iOS,1324374.96,852833.0,255034
2026-01-25,블루 아카이브,AOS,228825.96,419845.0,3944
2026-01-25,블루 아카이브,iOS,114820.59,291010.0,2095
2026-01-25,스타 세이비어,AOS,8909.87,9903.0,467
2026-01-25,스타 세이비어,iOS,1795.12,,249
2026-01-25,스텔라소라,AOS,8875.21,19042.0,842
2026-01-25,스텔라소라,iOS,6778.16,44644.0,567
2026-01-25,승리의여신: 니케,AOS,,254802.0,
2026-01-25,승리의여신: 니케,iOS,,248172.0,
2026-01-25,카오스 제로 나이트메어,AOS,35646.01,127451.0,1818
2026-01-25,카오스 제로 나이트메어,iOS,24263.07,87607.0,1198
2026-01-26,듀엣 나이트 어비스,AOS,3577.91,30234.0,854
2026-01-26,듀엣 나이트 어비스,iOS,2756.33,56911.0,617
2026-01-26,명일방주: 엔드필드,AOS,679258.54,686630.0,176706
2026-01-26,명일방주: 엔드필드,iOS,1051187.24,804079.0,160246
2026-01-26,블루 아카이브,AOS,222550.45,420592.0,4634
2026-01-26,블루 아카이브,iOS,77797.21,285789.0,1568
2026-01-26,스타 세이비어,AOS,7464.31,9923.0,529
2026-01-26,스타 세이비어,iOS,1361.34,,187
2026-01-26,스텔라소라,AOS,7538.66,17099.0,829
2026-01-26,스텔라소라,iOS,6079.45,43579.0,427
2026-01-26,승리의여신: 니케,AOS,,269195.0,
2026-01-26,승리의여신: 니케,iOS,,253875.0,
2026-01-26,카오스 제로 나이트메어,AOS,31231.42,122364.0,1499
2026-01-26,카오스 제로 나이트메어,iOS,20137.67,83865.0,873
2026-01-27,듀엣 나이트 어비스,AOS,2977.17,31505.0,728
2026-01-27,듀엣 나이트 어비스,iOS,2254.34,57435.0,677
2026-01-27,명일방주: 엔드필드,AOS,685032.22,681070.0,129358
2026-01-27,명일방주: 엔드필드,iOS,867983.58,763462.0,122653
2026-01-27,블루 아카이브,AOS,119898.77,433124.0,11354
2026-01-27,블루 아카이브,iOS,86730.57,291848.0,1577
2026-01-27,스타 세이비어,AOS,6112.30,10294.0,544
2026-01-27,스타 세이비어,iOS,1025.46,,215
2026-01-27,스텔라소라,AOS,6865.25,16021.0,906
2026-01-27,스텔라소라,iOS,6641.41,41719.0,414
2026-01-27,승리의여신: 니케,AOS,,256057.0,
2026-01-27,승리의여신: 니케,iOS,,237111.0,
2026-01-27,카오스 제로 나이트메어,AOS,30113.30,123500.0,1556
2026-01-27,카오스 제로 나이트메어,iOS,16682.57,83488.0,828
2026-01-28,듀엣 나이트 어비스,AOS,2254.13,32360.0,704
2026-01-28,듀엣 나이트 어비스,iOS,2141.72,57974.0,714
2026-01-28,명일방주: 엔드필드,AOS,741621.07,677257.0,116738
2026-01-28,명일방주: 엔드필드,iOS,803823.20,728566.0,101683
2026-01-28,블루 아카이브,AOS,105653.58,433530.0,9773
2026-01-28,블루 아카이브,iOS,126978.73,295337.0,1806
2026-01-28,스타 세이비어,AOS,5887.76,10717.0,504
2026-01-28,스타 세이비어,iOS,1109.94,,194
2026-01-28,스텔라소라,AOS,7415.61,15383.0,1111
2026-01-28,스텔라소라,iOS,6938.96,39116.0,430
2026-01-28,승리의여신: 니케,AOS,,260349.0,
2026-01-28,승리의여신: 니케,iOS,,231944.0,
2026-01-28,카오스 제로 나이트메어,AOS,30725.84,123945.0,1599
2026-01-28,카오스 제로 나이트메어,iOS,18458.35,82235.0,863
2026-01-29,듀엣 나이트 어비스,AOS,2711.84,30987.0,649
2026-01-29,듀엣 나이트 어비스,iOS,2444.37,56893.0,639
2026-01-29,명일방주: 엔드필드,AOS,503341.28,642503.0,84106
2026-01-29,명일방주: 엔드필드,iOS,625150.00,697366.0,86294
2026-01-29,블루 아카이브,AOS,492286.18,449708.0,9844
2026-01-29,블루 아카이브,iOS,457486.96,307883.0,1975
2026-01-29,스타 세이비어,AOS,4635.73,10855.0,500
2026-01-29,스타 세이비어,iOS,1464.78,,177
2026-01-29,스텔라소라,AOS,7320.52,16131.0,1318
2026-01-29,스텔라소라,iOS,5999.40,45546.0,463
2026-01-29,승리의여신: 니케,AOS,,266356.0,
2026-01-29,승리의여신: 니케,iOS,,240147.0,
2026-01-29,카오스 제로 나이트메어,AOS,31285.08,122115.0,1587
2026-01-29,카오스 제로 나이트메어,iOS,19081.91,86921.0,848
2026-01-30,듀엣 나이트 어비스,AOS,3328.80,33065.0,685
2026-01-30,듀엣 나이트 어비스,iOS,2871.45,55082.0,534
2026-01-30,명일방주: 엔드필드,AOS,517929.62,645254.0,99790
2026-01-30,명일방주: 엔드필드,iOS,685072.73,666774.0,72408
2026-01-30,블루 아카이브,AOS,608395.61,414544.0,11266
2026-01-30,블루 아카이브,iOS,981212.93,276291.0,2067
2026-01-30,스타 세이비어,AOS,5525.12,10921.0,586
2026-01-30,스타 세이비어,iOS,1737.61,,179
2026-01-30,스텔라소라,AOS,9931.49,16524.0,1563
2026-01-30,스텔라소라,iOS,6389.97,38442.0,478
2026-01-30,승리의여신: 니케,AOS,,269764.0,
2026-01-30,승리의여신: 니케,iOS,,249003.0,
2026-01-30,카오스 제로 나이트메어,AOS,34111.02,121543.0,1786
2026-01-30,카오스 제로 나이트메어,iOS,23553.61,85908.0,876
2026-01-31,듀엣 나이트 어비스,AOS,4606.17,35008.0,720
2026-01-31,듀엣 나이트 어비스,iOS,3301.79,56380.0,524
2026-01-31,명일방주: 엔드필드,AOS,619005.16,655974.0,105247
2026-01-31,명일방주: 엔드필드,iOS,498697.76,649630.0,76507
2026-01-31,블루 아카이브,AOS,1035752.49,413022.0,9736
2026-01-31,블루 아카이브,iOS,381980.39,286982.0,2349
2026-01-31,스타 세이비어,AOS,9322.34,10978.0,686
2026-01-31,스타 세이비어,iOS,1519.34,,225
2026-01-31,스텔라소라,AOS,20061.62,16262.0,1796
2026-01-31,스텔라소라,iOS,6258.00,37614.0,564
2026-01-31,승리의여신: 니케,AOS,,275014.0,
2026-01-31,승리의여신: 니케,iOS,,258232.0,
2026-01-31,카오스 제로 나이트메어,AOS,45325.63,115802.0,1945
2026-01-31,카오스 제로 나이트메어,iOS,20985.66,79189.0,1067
2026-02-01,듀엣 나이트 어비스,AOS,3257.18,32199.0,510
2026-02-01,듀엣 나이트 어비스,iOS,4006.37,56603.0,467
2026-02-01,명일방주: 엔드필드,AOS,562898.80,637330.0,81715
2026-02-01,명일방주: 엔드필드,iOS,721355.13,630828.0,69135
2026-02-01,블루 아카이브,AOS,1033315.89,406929.0,6388
2026-02-01,블루 아카이브,iOS,603923.64,279727.0,2162
2026-02-01,스타 세이비어,AOS,9362.25,10688.0,590
2026-02-01,스타 세이비어,iOS,3980.73,,242
2026-02-01,스텔라소라,AOS,21832.70,17003.0,1719
2026-02-01,스텔라소라,iOS,31302.79,43764.0,565
2026-02-01,승리의여신: 니케,AOS,,256219.0,
2026-02-01,승리의여신: 니케,iOS,,237978.0,
2026-02-01,카오스 제로 나이트메어,AOS,43839.23,119033.0,1608
2026-02-01,카오스 제로 나이트메어,iOS,35889.53,82886.0,1124
2026-02-02,듀엣 나이트 어비스,AOS,2206.38,29349.0,414
2026-02-02,듀엣 나이트 어비스,iOS,2236.40,54356.0,297
2026-02-02,명일방주: 엔드필드,AOS,396335.36,605364.0,69261
2026-02-02,명일방주: 엔드필드,iOS,410884.67,590558.0,45804
2026-02-02,블루 아카이브,AOS,689867.32,371247.0,4163
2026-02-02,블루 아카이브,iOS,195560.33,249660.0,1733
2026-02-02,스타 세이비어,AOS,6241.40,11400.0,607
2026-02-02,스타 세이비어,iOS,1955.84,,168
2026-02-02,스텔라소라,AOS,19493.40,16735.0,1514
2026-02-02,스텔라소라,iOS,17774.76,43928.0,447
2026-02-02,승리의여신: 니케,AOS,,250750.0,
2026-02-02,승리의여신: 니케,iOS,,235513.0,
2026-02-02,카오스 제로 나이트메어,AOS,32202.15,112332.0,1470
2026-02-02,카오스 제로 나이트메어,iOS,23941.66,76359.0,812
2026-02-03,듀엣 나이트 어비스,AOS,1859.38,29931.0,403
2026-02-03,듀엣 나이트 어비스,iOS,2026.27,55919.0,300
2026-02-03,명일방주: 엔드필드,AOS,322017.99,588003.0,64659
2026-02-03,명일방주: 엔드필드,iOS,398382.78,554124.0,40374
2026-02-03,블루 아카이브,AOS,527556.54,361798.0,4276
2026-02-03,블루 아카이브,iOS,196940.01,242544.0,1733
2026-02-03,스타 세이비어,AOS,6132.55,11209.0,743
2026-02-03,스타 세이비어,iOS,1616.14,,165
2026-02-03,스텔라소라,AOS,25572.15,17947.0,1411
2026-02-03,스텔라소라,iOS,42409.12,40157.0,689
2026-02-03,승리의여신: 니케,AOS,,263475.0,
2026-02-03,승리의여신: 니케,iOS,,242489.0,
2026-02-03,카오스 제로 나이트메어,AOS,46495.18,120908.0,1998
2026-02-03,카오스 제로 나이트메어,iOS,42952.79,84560.0,890
2026-02-04,듀엣 나이트 어비스,AOS,1964.66,30948.0,393
2026-02-04,듀엣 나이트 어비스,iOS,1901.60,54793.0,336
2026-02-04,명일방주: 엔드필드,AOS,315407.82,549509.0,42508
2026-02-04,명일방주: 엔드필드,iOS,406941.11,507651.0,38031
2026-02-04,블루 아카이브,AOS,305518.34,386400.0,3679
2026-02-04,블루 아카이브,iOS,231643.50,259892.0,1780
2026-02-04,스타 세이비어,AOS,7514.80,10571.0,705
2026-02-04,스타 세이비어,iOS,2031.60,,164
2026-02-04,스텔라소라,AOS,26061.59,17992.0,1268
2026-02-04,스텔라소라,iOS,40682.74,40981.0,811
2026-02-04,승리의여신: 니케,AOS,,257357.0,
2026-02-04,승리의여신: 니케,iOS,,236385.0,
2026-02-04,카오스 제로 나이트메어,AOS,76600.94,128206.0,2765
2026-02-04,카오스 제로 나이트메어,iOS,120664.93,88749.0,1770
2026-02-05,듀엣 나이트 어비스,AOS,2617.28,29340.0,394
2026-02-05,듀엣 나이트 어비스,iOS,2451.80,53727.0,340
2026-02-05,명일방주: 엔드필드,AOS,322424.16,542851.0,35860
2026-02-05,명일방주: 엔드필드,iOS,390884.33,496721.0,37719
2026-02-05,블루 아카이브,AOS,202834.53,362343.0,1797
2026-02-05,블루 아카이브,iOS,245258.41,241985.0,1723
2026-02-05,스타 세이비어,AOS,8997.73,10182.0,769
2026-02-05,스타 세이비어,iOS,8126.90,,181
2026-02-05,스텔라소라,AOS,29141.54,17640.0,1050
2026-02-05,스텔라소라,iOS,27589.87,31958.0,749
2026-02-05,승리의여신: 니케,AOS,,269200.0,
2026-02-05,승리의여신: 니케,iOS,,247676.0,
2026-02-05,카오스 제로 나이트메어,AOS,84514.46,125147.0,2536
2026-02-05,카오스 제로 나이트메어,iOS,139598.97,83874.0,2226
2026-02-06,듀엣 나이트 어비스,AOS,2011.57,31572.0,528
2026-02-06,듀엣 나이트 어비스,iOS,2104.06,53478.0,373
2026-02-06,명일방주: 엔드필드,AOS,366174.55,502830.0,36405
2026-02-06,명일방주: 엔드필드,iOS,386807.50,476857.0,35359
2026-02-06,블루 아카이브,AOS,167283.00,310950.0,1677
2026-02-06,블루 아카이브,iOS,124246.56,206103.0,1664
2026-02-06,스타 세이비어,AOS,9803.69,10049.0,966
2026-02-06,스타 세이비어,iOS,7591.38,,178
2026-02-06,스텔라소라,AOS,29139.08,18252.0,1020
2026-02-06,스텔라소라,iOS,16251.16,33350.0,779
2026-02-06,승리의여신: 니케,AOS,,263974.0,
2026-02-06,승리의여신: 니케,iOS,,243618.0,
2026-02-06,카오스 제로 나이트메어,AOS,90125.15,125775.0,2671
2026-02-06,카오스 제로 나이트메어,iOS,91702.82,83247.0,2179
2026-02-07,듀엣 나이트 어비스,AOS,2402.69,34043.0,630
2026-02-07,듀엣 나이트 어비스,iOS,2129.90,53781.0,422
2026-02-07,명일방주: 엔드필드,AOS,471799.13,493640.0,36671
2026-02-07,명일방주: 엔드필드,iOS,962659.80,434833.0,38486
2026-02-07,블루 아카이브,AOS,171842.42,321673.0,1736
2026-02-07,블루 아카이브,iOS,63003.77,221759.0,1862
2026-02-07,스타 세이비어,AOS,10080.45,9103.0,1159
2026-02-07,스타 세이비어,iOS,5090.65,,220
2026-02-07,스텔라소라,AOS,28911.97,19105.0,1101
2026-02-07,스텔라소라,iOS,9444.77,38603.0,689
2026-02-07,승리의여신: 니케,AOS,,273381.0,
2026-02-07,승리의여신: 니케,iOS,,254748.0,
2026-02-07,카오스 제로 나이트메어,AOS,100573.08,130367.0,2974
2026-02-07,카오스 제로 나이트메어,iOS,56109.50,88550.0,2459
2026-02-08,듀엣 나이트 어비스,AOS,2219.20,31746.0,592
2026-02-08,듀엣 나이트 어비스,iOS,2103.11,52391.0,389
2026-02-08,명일방주: 엔드필드,AOS,453556.97,475064.0,30630
2026-02-08,명일방주: 엔드필드,iOS,673365.53,355334.0,34798
2026-02-08,블루 아카이브,AOS,120981.45,325130.0,1402
2026-02-08,블루 아카이브,iOS,44964.50,222622.0,1717
2026-02-08,스타 세이비어,AOS,9696.50,9224.0,1027
2026-02-08,스타 세이비어,iOS,4204.24,,236
2026-02-08,스텔라소라,AOS,24591.90,19430.0,953
2026-02-08,스텔라소라,iOS,7993.95,36904.0,517
2026-02-08,승리의여신: 니케,AOS,,275371.0,
2026-02-08,승리의여신: 니케,iOS,,252793.0,
2026-02-08,카오스 제로 나이트메어,AOS,94338.95,123709.0,2113
2026-02-08,카오스 제로 나이트메어,iOS,41434.50,81514.0,2087
2026-02-09,듀엣 나이트 어비스,AOS,4994.54,28832.0,588
2026-02-09,듀엣 나이트 어비스,iOS,6121.80,50581.0,312
2026-02-09,명일방주: 엔드필드,AOS,399958.51,367299.0,26116
2026-02-09,명일방주: 엔드필드,iOS,378138.99,306681.0,27840
2026-02-09,블루 아카이브,AOS,93171.93,311327.0,1364
2026-02-09,블루 아카이브,iOS,36287.66,208156.0,1554
2026-02-09,스타 세이비어,AOS,9155.77,8307.0,783
2026-02-09,스타 세이비어,iOS,2860.11,,189
2026-02-09,스텔라소라,AOS,16832.58,19041.0,822
2026-02-09,스텔라소라,iOS,6219.45,32139.0,379
2026-02-09,승리의여신: 니케,AOS,,272126.0,
2026-02-09,승리의여신: 니케,iOS,,256310.0,
2026-02-09,카오스 제로 나이트메어,AOS,84033.83,122826.0,1592
2026-02-09,카오스 제로 나이트메어,iOS,33366.38,80784.0,1469
2026-02-10,듀엣 나이트 어비스,AOS,9225.40,29047.0,599
2026-02-10,듀엣 나이트 어비스,iOS,22198.57,52787.0,370
2026-02-10,명일방주: 엔드필드,AOS,413222.80,328204.0,29619
2026-02-10,명일방주: 엔드필드,iOS,285043.79,298551.0,27331
2026-02-10,블루 아카이브,AOS,73860.76,311397.0,1556
2026-02-10,블루 아카이브,iOS,51605.05,203098.0,1456
2026-02-10,스타 세이비어,AOS,11594.82,7589.0,689
2026-02-10,스타 세이비어,iOS,1932.31,,155
2026-02-10,스텔라소라,AOS,11153.85,17937.0,812
2026-02-10,스텔라소라,iOS,5944.50,40823.0,348
2026-02-10,승리의여신: 니케,AOS,,263398.0,
2026-02-10,승리의여신: 니케,iOS,,241687.0,
2026-02-10,카오스 제로 나이트메어,AOS,87569.97,119431.0,1792
2026-02-10,카오스 제로 나이트메어,iOS,29132.09,76104.0,1402
2026-02-11,듀엣 나이트 어비스,AOS,10634.85,29565.0,631
2026-02-11,듀엣 나이트 어비스,iOS,16632.20,54127.0,413
2026-02-11,명일방주: 엔드필드,AOS,440668.49,308455.0,25467
2026-02-11,명일방주: 엔드필드,iOS,244167.63,283060.0,25351
2026-02-11,블루 아카이브,AOS,51822.81,320357.0,1437
2026-02-11,블루 아카이브,iOS,56504.46,211913.0,1691
2026-02-11,스타 세이비어,AOS,8987.26,7632.0,431
2026-02-11,스타 세이비어,iOS,2175.53,,160
2026-02-11,스텔라소라,AOS,8333.96,17521.0,718
2026-02-11,스텔라소라,iOS,6357.79,41262.0,392
2026-02-11,승리의여신: 니케,AOS,,288897.0,
2026-02-11,승리의여신: 니케,iOS,,275358.0,
2026-02-11,카오스 제로 나이트메어,AOS,49492.32,116031.0,1399
2026-02-11,카오스 제로 나이트메어,iOS,27560.07,73849.0,1369
2026-02-12,듀엣 나이트 어비스,AOS,13420.57,29001.0,576
2026-02-12,듀엣 나이트 어비스,iOS,11047.48,53894.0,401
2026-02-12,명일방주: 엔드필드,AOS,306211.15,314046.0,24510
2026-02-12,명일방주: 엔드필드,iOS,191262.21,282073.0,22682
2026-02-12,블루 아카이브,AOS,102562.86,340629.0,1362
2026-02-12,블루 아카이브,iOS,147096.71,232057.0,1576
2026-02-12,스타 세이비어,AOS,7607.75,7353.0,377
2026-02-12,스타 세이비어,iOS,4413.12,,130
2026-02-12,스텔라소라,AOS,7709.52,16322.0,759
2026-02-12,스텔라소라,iOS,4999.41,27765.0,330
2026-02-12,승리의여신: 니케,AOS,,310570.0,
2026-02-12,승리의여신: 니케,iOS,,308433.0,
2026-02-12,카오스 제로 나이트메어,AOS,45095.32,121600.0,1301
2026-02-12,카오스 제로 나이트메어,iOS,25608.83,83380.0,1195
2026-02-13,듀엣 나이트 어비스,AOS,16132.66,31623.0,610
2026-02-13,듀엣 나이트 어비스,iOS,8623.96,51419.0,395
2026-02-13,명일방주: 엔드필드,AOS,295173.55,318289.0,22826
2026-02-13,명일방주: 엔드필드,iOS,224339.24,268241.0,20756
2026-02-13,블루 아카이브,AOS,148391.06,305383.0,1602
2026-02-13,블루 아카이브,iOS,216557.11,206555.0,1642
2026-02-13,스타 세이비어,AOS,8669.26,7203.0,398
2026-02-13,스타 세이비어,iOS,4348.55,,136
2026-02-13,스텔라소라,AOS,8780.63,16049.0,724
2026-02-13,스텔라소라,iOS,4673.52,30607.0,334
2026-02-13,승리의여신: 니케,AOS,,308291.0,
2026-02-13,승리의여신: 니케,iOS,,303580.0,
2026-02-13,카오스 제로 나이트메어,AOS,46042.33,115286.0,1608
2026-02-13,카오스 제로 나이트메어,iOS,22970.65,75597.0,1148
2026-02-14,듀엣 나이트 어비스,AOS,15745.62,33338.0,642
2026-02-14,듀엣 나이트 어비스,iOS,6347.19,52392.0,494
2026-02-14,명일방주: 엔드필드,AOS,247789.31,312428.0,23314
2026-02-14,명일방주: 엔드필드,iOS,186646.34,270247.0,22814
2026-02-14,블루 아카이브,AOS,146737.91,299815.0,1723
2026-02-14,블루 아카이브,iOS,167261.25,202805.0,1727
2026-02-14,스타 세이비어,AOS,8179.00,6837.0,379
2026-02-14,스타 세이비어,iOS,2600.20,,157
2026-02-14,스텔라소라,AOS,8450.50,15034.0,786
2026-02-14,스텔라소라,iOS,5505.99,27187.0,391
2026-02-14,승리의여신: 니케,AOS,,308766.0,
2026-02-14,승리의여신: 니케,iOS,,293947.0,
2026-02-14,카오스 제로 나이트메어,AOS,43150.96,116586.0,1709
2026-02-14,카오스 제로 나이트메어,iOS,21676.13,76980.0,1287
2026-02-15,듀엣 나이트 어비스,AOS,12248.52,30840.0,658
2026-02-15,듀엣 나이트 어비스,iOS,5116.18,52402.0,551
2026-02-15,명일방주: 엔드필드,AOS,176824.13,299520.0,20046
2026-02-15,명일방주: 엔드필드,iOS,156785.36,293895.0,24485
2026-02-15,블루 아카이브,AOS,135325.38,306482.0,1621
2026-02-15,블루 아카이브,iOS,98065.54,208698.0,1658
2026-02-15,스타 세이비어,AOS,7568.78,6592.0,342
2026-02-15,스타 세이비어,iOS,2918.20,,156
2026-02-15,스텔라소라,AOS,7519.77,14357.0,739
2026-02-15,스텔라소라,iOS,5101.93,28795.0,431
2026-02-15,승리의여신: 니케,AOS,,307986.0,
2026-02-15,승리의여신: 니케,iOS,,277300.0,
2026-02-15,카오스 제로 나이트메어,AOS,35957.24,120542.0,1620
2026-02-15,카오스 제로 나이트메어,iOS,19713.88,79419.0,1282
2026-02-16,듀엣 나이트 어비스,AOS,10059.43,28268.0,500
2026-02-16,듀엣 나이트 어비스,iOS,4907.90,52977.0,484
2026-02-16,명일방주: 엔드필드,AOS,154139.42,299723.0,17654
2026-02-16,명일방주: 엔드필드,iOS,149067.42,275168.0,21902
2026-02-16,블루 아카이브,AOS,109426.03,303909.0,1528
2026-02-16,블루 아카이브,iOS,82976.01,204729.0,1534
2026-02-16,스타 세이비어,AOS,7069.91,6477.0,337
2026-02-16,스타 세이비어,iOS,2435.37,,131
2026-02-16,스텔라소라,AOS,7601.47,13788.0,733
2026-02-16,스텔라소라,iOS,4698.37,23495.0,389
2026-02-16,승리의여신: 니케,AOS,,306850.0,
2026-02-16,승리의여신: 니케,iOS,,279932.0,
2026-02-16,카오스 제로 나이트메어,AOS,30122.42,120948.0,1417
2026-02-16,카오스 제로 나이트메어,iOS,16966.62,81014.0,1146
2026-02-17,듀엣 나이트 어비스,AOS,6916.90,29481.0,449
2026-02-17,듀엣 나이트 어비스,iOS,4238.68,52580.0,404
2026-02-17,명일방주: 엔드필드,AOS,136529.42,285810.0,16455
2026-02-17,명일방주: 엔드필드,iOS,189905.50,275468.0,20121
2026-02-17,블루 아카이브,AOS,100417.75,283621.0,1473
2026-02-17,블루 아카이브,iOS,81767.58,189736.0,1439
2026-02-17,스타 세이비어,AOS,6308.25,6693.0,373
2026-02-17,스타 세이비어,iOS,1847.46,,135
2026-02-17,스텔라소라,AOS,7351.42,13221.0,725
2026-02-17,스텔라소라,iOS,8305.63,28068.0,410
2026-02-17,승리의여신: 니케,AOS,,296552.0,
2026-02-17,승리의여신: 니케,iOS,,266510.0,
2026-02-17,카오스 제로 나이트메어,AOS,27834.20,118703.0,1307
2026-02-17,카오스 제로 나이트메어,iOS,17305.03,77074.0,1050
2026-02-18,듀엣 나이트 어비스,AOS,5521.65,29726.0,469
2026-02-18,듀엣 나이트 어비스,iOS,3307.99,52542.0,371
2026-02-18,명일방주: 엔드필드,AOS,126747.67,259286.0,14903
2026-02-18,명일방주: 엔드필드,iOS,159607.01,263001.0,16810
2026-02-18,블루 아카이브,AOS,76886.22,304436.0,1407
2026-02-18,블루 아카이브,iOS,87984.37,204505.0,1391
2026-02-18,스타 세이비어,AOS,6446.40,6793.0,327
2026-02-18,스타 세이비어,iOS,1715.72,,96
2026-02-18,스텔라소라,AOS,7605.27,13229.0,764
2026-02-18,스텔라소라,iOS,5094.64,28383.0,370
2026-02-18,승리의여신: 니케,AOS,,298148.0,
2026-02-18,승리의여신: 니케,iOS,,272391.0,
2026-02-18,카오스 제로 나이트메어,AOS,26026.95,120346.0,1327
2026-02-18,카오스 제로 나이트메어,iOS,15616.81,78357.0,928
2026-02-19,듀엣 나이트 어비스,AOS,4617.90,29519.0,397
2026-02-19,듀엣 나이트 어비스,iOS,2929.16,53665.0,342
2026-02-19,명일방주: 엔드필드,AOS,128091.33,258543.0,14557
2026-02-19,명일방주: 엔드필드,iOS,135435.55,256301.0,14538
2026-02-19,블루 아카이브,AOS,68394.83,285291.0,1374
2026-02-19,블루 아카이브,iOS,70611.29,188833.0,1333
2026-02-19,스타 세이비어,AOS,8482.70,6801.0,353
2026-02-19,스타 세이비어,iOS,1475.73,,78
2026-02-19,스텔라소라,AOS,7689.01,13163.0,746
2026-02-19,스텔라소라,iOS,4383.04,26829.0,336
2026-02-19,승리의여신: 니케,AOS,,300686.0,
2026-02-19,승리의여신: 니케,iOS,,292692.0,
2026-02-19,카오스 제로 나이트메어,AOS,25635.39,117904.0,1365
2026-02-19,카오스 제로 나이트메어,iOS,17182.62,76564.0,841
2026-02-20,듀엣 나이트 어비스,AOS,5168.37,32101.0,396
2026-02-20,듀엣 나이트 어비스,iOS,2830.55,55239.0,325
2026-02-20,명일방주: 엔드필드,AOS,149519.68,258536.0,15100
2026-02-20,명일방주: 엔드필드,iOS,141033.29,260564.0,14004
2026-02-20,블루 아카이브,AOS,80566.97,264696.0,1480
2026-02-20,블루 아카이브,iOS,56772.56,173565.0,1266
2026-02-20,스타 세이비어,AOS,9213.29,6596.0,372
2026-02-20,스타 세이비어,iOS,8456.72,,66
2026-02-20,스텔라소라,AOS,8592.34,13252.0,822
2026-02-20,스텔라소라,iOS,5080.95,25767.0,297
2026-02-20,승리의여신: 니케,AOS,,293781.0,
2026-02-20,승리의여신: 니케,iOS,,284583.0,
2026-02-20,카오스 제로 나이트메어,AOS,28125.14,107938.0,1467
2026-02-20,카오스 제로 나이트메어,iOS,20088.89,67738.0,787
2026-02-21,듀엣 나이트 어비스,AOS,4446.46,33948.0,484
2026-02-21,듀엣 나이트 어비스,iOS,2537.36,56085.0,238
2026-02-21,명일방주: 엔드필드,AOS,142630.31,261545.0,17147
2026-02-21,명일방주: 엔드필드,iOS,148254.89,266369.0,14600
2026-02-21,블루 아카이브,AOS,76139.09,284450.0,1508
2026-02-21,블루 아카이브,iOS,47349.68,190641.0,1381
2026-02-21,스타 세이비어,AOS,8840.16,6954.0,406
2026-02-21,스타 세이비어,iOS,7114.38,,103
2026-02-21,스텔라소라,AOS,8725.04,13798.0,1009
2026-02-21,스텔라소라,iOS,7394.27,28372.0,355
2026-02-21,승리의여신: 니케,AOS,,295949.0,
2026-02-21,승리의여신: 니케,iOS,,273359.0,
2026-02-21,카오스 제로 나이트메어,AOS,28205.83,107693.0,1622
2026-02-21,카오스 제로 나이트메어,iOS,17692.34,68716.0,879
2026-02-22,듀엣 나이트 어비스,AOS,3716.94,32239.0,484
2026-02-22,듀엣 나이트 어비스,iOS,2351.91,57715.0,336
2026-02-22,명일방주: 엔드필드,AOS,125862.09,246034.0,14495
2026-02-22,명일방주: 엔드필드,iOS,142288.25,265028.0,14842
2026-02-22,블루 아카이브,AOS,65111.91,282873.0,1304
2026-02-22,블루 아카이브,iOS,35203.42,190458.0,1394
2026-02-22,스타 세이비어,AOS,8574.07,6781.0,389
2026-02-22,스타 세이비어,iOS,4107.78,,112
2026-02-22,스텔라소라,AOS,8639.76,13646.0,850
2026-02-22,스텔라소라,iOS,6806.02,29316.0,342
2026-02-22,승리의여신: 니케,AOS,,286038.0,
2026-02-22,승리의여신: 니케,iOS,,262534.0,
2026-02-22,카오스 제로 나이트메어,AOS,26179.10,102606.0,1620
2026-02-22,카오스 제로 나이트메어,iOS,17174.48,64582.0,892
2026-02-23,듀엣 나이트 어비스,AOS,2955.64,30179.0,312
2026-02-23,듀엣 나이트 어비스,iOS,3473.75,55522.0,461
2026-02-23,명일방주: 엔드필드,AOS,166979.88,241626.0,12300
2026-02-23,명일방주: 엔드필드,iOS,150230.72,263847.0,14370
2026-02-23,블루 아카이브,AOS,47425.24,257550.0,1277
2026-02-23,블루 아카이브,iOS,33297.26,173558.0,1404
2026-02-23,스타 세이비어,AOS,7466.87,6468.0,388
2026-02-23,스타 세이비어,iOS,3126.77,,96
2026-02-23,스텔라소라,AOS,8283.22,13971.0,931
2026-02-23,스텔라소라,iOS,8876.25,29261.0,383
2026-02-23,승리의여신: 니케,AOS,,279250.0,
2026-02-23,승리의여신: 니케,iOS,,256408.0,
2026-02-23,카오스 제로 나이트메어,AOS,23432.87,98491.0,1567
2026-02-23,카오스 제로 나이트메어,iOS,19750.29,62645.0,805
2026-02-24,듀엣 나이트 어비스,AOS,2683.10,30705.0,294
2026-02-24,듀엣 나이트 어비스,iOS,2944.17,54600.0,400
2026-02-24,명일방주: 엔드필드,AOS,252527.68,296229.0,13142
2026-02-24,명일방주: 엔드필드,iOS,1037969.37,286462.0,13931
2026-02-24,블루 아카이브,AOS,49616.72,270102.0,1315
2026-02-24,블루 아카이브,iOS,38376.79,179281.0,1311
2026-02-24,스타 세이비어,AOS,7867.06,6584.0,346
2026-02-24,스타 세이비어,iOS,2010.17,,122
2026-02-24,스텔라소라,AOS,17312.83,14160.0,1031
2026-02-24,스텔라소라,iOS,35436.86,30560.0,399
2026-02-24,승리의여신: 니케,AOS,,293018.0,
2026-02-24,승리의여신: 니케,iOS,,263905.0,
2026-02-24,카오스 제로 나이트메어,AOS,27470.08,100888.0,1574
2026-02-24,카오스 제로 나이트메어,iOS,33325.84,63730.0,848
2026-02-25,듀엣 나이트 어비스,AOS,2839.32,30201.0,322
2026-02-25,듀엣 나이트 어비스,iOS,2508.45,53534.0,424
2026-02-25,명일방주: 엔드필드,AOS,310148.11,258759.0,11683
2026-02-25,명일방주: 엔드필드,iOS,744468.96,255712.0,13672
2026-02-25,블루 아카이브,AOS,45942.25,263509.0,1307
2026-02-25,블루 아카이브,iOS,76712.09,176903.0,1344
2026-02-25,스타 세이비어,AOS,7974.38,6208.0,346
2026-02-25,스타 세이비어,iOS,2579.53,,143
2026-02-25,스텔라소라,AOS,21971.58,14842.0,1328
2026-02-25,스텔라소라,iOS,43342.90,31408.0,464
2026-02-25,승리의여신: 니케,AOS,,281288.0,
2026-02-25,승리의여신: 니케,iOS,,249738.0,
2026-02-25,카오스 제로 나이트메어,AOS,84160.79,107281.0,1833
2026-02-25,카오스 제로 나이트메어,iOS,159127.29,71331.0,1102
2026-02-26,듀엣 나이트 어비스,AOS,2662.01,29776.0,322
2026-02-26,듀엣 나이트 어비스,iOS,2416.52,51898.0,445
2026-02-26,명일방주: 엔드필드,AOS,377714.41,244415.0,10089
2026-02-26,명일방주: 엔드필드,iOS,407502.65,239901.0,12318
2026-02-26,블루 아카이브,AOS,44909.32,268090.0,1241
2026-02-26,블루 아카이브,iOS,55456.64,179720.0,1366
2026-02-26,스타 세이비어,AOS,5660.10,6207.0,314
2026-02-26,스타 세이비어,iOS,1819.03,,146
2026-02-26,스텔라소라,AOS,24023.58,14485.0,1358
2026-02-26,스텔라소라,iOS,25395.46,28757.0,426
2026-02-26,승리의여신: 니케,AOS,,279004.0,
2026-02-26,승리의여신: 니케,iOS,,269676.0,
2026-02-26,카오스 제로 나이트메어,AOS,96939.36,106521.0,1716
2026-02-26,카오스 제로 나이트메어,iOS,117077.72,68863.0,1097
2026-02-27,듀엣 나이트 어비스,AOS,2682.68,30673.0,328
2026-02-27,듀엣 나이트 어비스,iOS,2415.08,51917.0,452
2026-02-27,명일방주: 엔드필드,AOS,432022.39,237211.0,10126
2026-02-27,명일방주: 엔드필드,iOS,335767.90,231079.0,11677
2026-02-27,블루 아카이브,AOS,53677.96,252500.0,1426
2026-02-27,블루 아카이브,iOS,43330.22,165372.0,1346
2026-02-27,스타 세이비어,AOS,5568.16,6587.0,345
2026-02-27,스타 세이비어,iOS,2022.47,,133
2026-02-27,스텔라소라,AOS,26420.60,14509.0,1508
2026-02-27,스텔라소라,iOS,16767.87,30392.0,427
2026-02-27,승리의여신: 니케,AOS,,269685.0,
2026-02-27,승리의여신: 니케,iOS,,258526.0,
2026-02-27,카오스 제로 나이트메어,AOS,109067.31,107080.0,1817
2026-02-27,카오스 제로 나이트메어,iOS,74403.54,67944.0,1070
2026-02-28,듀엣 나이트 어비스,AOS,3831.97,31201.0,357
2026-02-28,듀엣 나이트 어비스,iOS,3461.64,53118.0,532
2026-02-28,명일방주: 엔드필드,AOS,611446.51,227896.0,11269
2026-02-28,명일방주: 엔드필드,iOS,248553.96,233949.0,13321
2026-02-28,블루 아카이브,AOS,115695.72,256306.0,1520
2026-02-28,블루 아카이브,iOS,43970.16,172151.0,1487
2026-02-28,스타 세이비어,AOS,8845.82,6533.0,347
2026-02-28,스타 세이비어,iOS,2039.90,,150
2026-02-28,스텔라소라,AOS,46354.51,15655.0,1674
2026-02-28,스텔라소라,iOS,9449.57,33144.0,491
2026-02-28,승리의여신: 니케,AOS,,277959.0,
2026-02-28,승리의여신: 니케,iOS,,259381.0,
2026-02-28,카오스 제로 나이트메어,AOS,157778.70,109457.0,1991
2026-02-28,카오스 제로 나이트메어,iOS,48090.62,69526.0,1198
2026-03-01,듀엣 나이트 어비스,AOS,3702.05,29677.0,329
2026-03-01,듀엣 나이트 어비스,iOS,4488.81,54051.0,547
2026-03-01,명일방주: 엔드필드,AOS,457646.80,225318.0,9770
2026-03-01,명일방주: 엔드필드,iOS,301160.83,242607.0,13730
2026-03-01,블루 아카이브,AOS,86098.20,252544.0,1303
2026-03-01,블루 아카이브,iOS,74643.07,168744.0,1405
2026-03-01,스타 세이비어,AOS,8475.12,6542.0,389
2026-03-01,스타 세이비어,iOS,3906.80,,155
2026-03-01,스텔라소라,AOS,40156.29,15232.0,1450
2026-03-01,스텔라소라,iOS,27317.08,32396.0,533
2026-03-01,승리의여신: 니케,AOS,,269829.0,
2026-03-01,승리의여신: 니케,iOS,,239689.0,
2026-03-01,카오스 제로 나이트메어,AOS,129271.21,116242.0,1722
2026-03-01,카오스 제로 나이트메어,iOS,50566.49,76099.0,1240
2026-03-02,듀엣 나이트 어비스,AOS,2606.22,28633.0,300
2026-03-02,듀엣 나이트 어비스,iOS,2968.33,52080.0,324
2026-03-02,명일방주: 엔드필드,AOS,218325.54,226189.0,8719
2026-03-02,명일방주: 엔드필드,iOS,215214.19,246078.0,11646
2026-03-02,블루 아카이브,AOS,55320.97,266888.0,1186
2026-03-02,블루 아카이브,iOS,36591.96,174398.0,1086
2026-03-02,스타 세이비어,AOS,5380.42,6644.0,369
2026-03-02,스타 세이비어,iOS,2075.65,,123
2026-03-02,스텔라소라,AOS,21057.98,15353.0,1246
2026-03-02,스텔라소라,iOS,12886.87,29392.0,363
2026-03-02,승리의여신: 니케,AOS,,263957.0,
2026-03-02,승리의여신: 니케,iOS,,240303.0,
2026-03-02,카오스 제로 나이트메어,AOS,92933.24,115068.0,1370
2026-03-02,카오스 제로 나이트메어,iOS,28610.32,75060.0,997
2026-03-03,듀엣 나이트 어비스,AOS,2286.65,28342.0,262
2026-03-03,듀엣 나이트 어비스,iOS,2464.50,52488.0,293
2026-03-03,명일방주: 엔드필드,AOS,158132.62,218217.0,8232
2026-03-03,명일방주: 엔드필드,iOS,187969.02,248715.0,11844
2026-03-03,블루 아카이브,AOS,45942.79,265950.0,1202
2026-03-03,블루 아카이브,iOS,45327.88,172348.0,1114
2026-03-03,스타 세이비어,AOS,4565.84,6500.0,447
2026-03-03,스타 세이비어,iOS,1240.87,,132
2026-03-03,스텔라소라,AOS,14710.63,15384.0,1014
2026-03-03,스텔라소라,iOS,8981.49,25627.0,404
2026-03-03,승리의여신: 니케,AOS,,256829.0,
2026-03-03,승리의여신: 니케,iOS,,236384.0,
2026-03-03,카오스 제로 나이트메어,AOS,82651.26,111859.0,1285
2026-03-03,카오스 제로 나이트메어,iOS,23037.01,72185.0,902
2026-03-04,듀엣 나이트 어비스,AOS,1967.60,27760.0,272
2026-03-04,듀엣 나이트 어비스,iOS,2261.46,50344.0,277
2026-03-04,명일방주: 엔드필드,AOS,145274.04,214027.0,8107
2026-03-04,명일방주: 엔드필드,iOS,167316.41,227705.0,10545
2026-03-04,블루 아카이브,AOS,44069.52,255936.0,1227
2026-03-04,블루 아카이브,iOS,60513.63,166447.0,951
2026-03-04,스타 세이비어,AOS,5192.65,6376.0,479
2026-03-04,스타 세이비어,iOS,1490.75,,120
2026-03-04,스텔라소라,AOS,13409.87,15184.0,886
2026-03-04,스텔라소라,iOS,6490.84,26652.0,408
2026-03-04,승리의여신: 니케,AOS,,258786.0,
2026-03-04,승리의여신: 니케,iOS,,236687.0,
2026-03-04,카오스 제로 나이트메어,AOS,40072.30,111869.0,1230
2026-03-04,카오스 제로 나이트메어,iOS,17587.75,73974.0,779
2026-03-05,듀엣 나이트 어비스,AOS,1989.78,27724.0,294
2026-03-05,듀엣 나이트 어비스,iOS,2255.68,51732.0,226
2026-03-05,명일방주: 엔드필드,AOS,140296.34,207502.0,8980
2026-03-05,명일방주: 엔드필드,iOS,131249.64,209573.0,10249
2026-03-05,블루 아카이브,AOS,47005.98,256665.0,1278
2026-03-05,블루 아카이브,iOS,61122.63,166320.0,839
2026-03-05,스타 세이비어,AOS,5254.86,6476.0,486
2026-03-05,스타 세이비어,iOS,4603.46,,152
2026-03-05,스텔라소라,AOS,11335.99,15328.0,861
2026-03-05,스텔라소라,iOS,4944.37,26738.0,309
2026-03-05,승리의여신: 니케,AOS,,253627.0,
2026-03-05,승리의여신: 니케,iOS,,229055.0,
2026-03-05,카오스 제로 나이트메어,AOS,31868.58,105006.0,1250
2026-03-05,카오스 제로 나이트메어,iOS,16997.81,66304.0,695
2026-03-06,듀엣 나이트 어비스,AOS,1567.11,29317.0,350
2026-03-06,듀엣 나이트 어비스,iOS,2219.92,49910.0,317
2026-03-06,명일방주: 엔드필드,AOS,147442.50,217362.0,12801
2026-03-06,명일방주: 엔드필드,iOS,135016.11,208372.0,10757
2026-03-06,블루 아카이브,AOS,51913.67,240511.0,1509
2026-03-06,블루 아카이브,iOS,42615.12,154244.0,952
2026-03-06,스타 세이비어,AOS,5806.83,6119.0,580
2026-03-06,스타 세이비어,iOS,3269.19,,157
2026-03-06,스텔라소라,AOS,11764.83,15582.0,846
2026-03-06,스텔라소라,iOS,4545.96,26504.0,277
2026-03-06,승리의여신: 니케,AOS,,246471.0,
2026-03-06,승리의여신: 니케,iOS,,223792.0,
2026-03-06,카오스 제로 나이트메어,AOS,33486.55,107960.0,1388
2026-03-06,카오스 제로 나이트메어,iOS,19756.49,71097.0,740
2026-03-07,듀엣 나이트 어비스,AOS,1672.65,29596.0,186
2026-03-07,듀엣 나이트 어비스,iOS,2216.22,51254.0,407
2026-03-07,명일방주: 엔드필드,AOS,149961.43,217865.0,16451
2026-03-07,명일방주: 엔드필드,iOS,125298.11,226928.0,15433
2026-03-07,블루 아카이브,AOS,51511.34,249937.0,1576
2026-03-07,블루 아카이브,iOS,31304.01,161877.0,1343
2026-03-07,스타 세이비어,AOS,5498.94,5986.0,673
2026-03-07,스타 세이비어,iOS,1850.18,,185
2026-03-07,스텔라소라,AOS,10617.34,15715.0,849
2026-03-07,스텔라소라,iOS,5491.69,27414.0,280
2026-03-07,승리의여신: 니케,AOS,,258136.0,
2026-03-07,승리의여신: 니케,iOS,,236381.0,
2026-03-07,카오스 제로 나이트메어,AOS,30060.89,104356.0,1555
2026-03-07,카오스 제로 나이트메어,iOS,16696.54,68702.0,877
2026-03-08,듀엣 나이트 어비스,AOS,2065.32,27983.0,165
2026-03-08,듀엣 나이트 어비스,iOS,2194.97,51038.0,352
2026-03-08,명일방주: 엔드필드,AOS,111928.53,215859.0,13917
2026-03-08,명일방주: 엔드필드,iOS,112512.06,221850.0,13694
2026-03-08,블루 아카이브,AOS,42568.81,241814.0,1248
2026-03-08,블루 아카이브,iOS,28304.47,155694.0,1296
2026-03-08,스타 세이비어,AOS,5351.94,5633.0,627
2026-03-08,스타 세이비어,iOS,1181.55,,209
2026-03-08,스텔라소라,AOS,8448.09,15952.0,742
2026-03-08,스텔라소라,iOS,4634.07,26369.0,265
2026-03-08,승리의여신: 니케,AOS,,255389.0,
2026-03-08,승리의여신: 니케,iOS,,237103.0,
2026-03-08,카오스 제로 나이트메어,AOS,23488.91,101446.0,1362
2026-03-08,카오스 제로 나이트메어,iOS,14738.83,67554.0,847
2026-03-09,듀엣 나이트 어비스,AOS,2182.52,27432.0,144
2026-03-09,듀엣 나이트 어비스,iOS,2308.50,49773.0,249
2026-03-09,명일방주: 엔드필드,AOS,91587.76,190195.0,10676
2026-03-09,명일방주: 엔드필드,iOS,100516.72,208978.0,9688
2026-03-09,블루 아카이브,AOS,43007.90,232853.0,1473
2026-03-09,블루 아카이브,iOS,23594.70,143842.0,917
2026-03-09,스타 세이비어,AOS,4698.84,5455.0,747
2026-03-09,스타 세이비어,iOS,1033.92,,139
2026-03-09,스텔라소라,AOS,6631.65,15924.0,670
2026-03-09,스텔라소라,iOS,4083.03,23747.0,193
2026-03-09,승리의여신: 니케,AOS,,241110.0,
2026-03-09,승리의여신: 니케,iOS,,221206.0,
2026-03-09,카오스 제로 나이트메어,AOS,18428.95,94876.0,1310
2026-03-09,카오스 제로 나이트메어,iOS,11631.13,60460.0,637
2026-03-10,듀엣 나이트 어비스,AOS,2737.71,27271.0,135
2026-03-10,듀엣 나이트 어비스,iOS,4227.00,50518.0,279
2026-03-10,명일방주: 엔드필드,AOS,96631.58,200579.0,9407
2026-03-10,명일방주: 엔드필드,iOS,110530.85,214070.0,8210
2026-03-10,블루 아카이브,AOS,56851.55,250354.0,1663
2026-03-10,블루 아카이브,iOS,62708.76,157238.0,992
2026-03-10,스타 세이비어,AOS,4379.52,5306.0,711
2026-03-10,스타 세이비어,iOS,987.69,,155
2026-03-10,스텔라소라,AOS,7094.94,15216.0,645
2026-03-10,스텔라소라,iOS,4055.25,24567.0,200
2026-03-10,승리의여신: 니케,AOS,,250287.0,
2026-03-10,승리의여신: 니케,iOS,,221637.0,
2026-03-10,카오스 제로 나이트메어,AOS,18903.34,95169.0,1414
2026-03-10,카오스 제로 나이트메어,iOS,10992.38,59628.0,672
2026-03-11,듀엣 나이트 어비스,AOS,2842.88,27063.0,128
2026-03-11,듀엣 나이트 어비스,iOS,3253.05,50296.0,288
2026-03-11,명일방주: 엔드필드,AOS,215191.03,207116.0,9394
2026-03-11,명일방주: 엔드필드,iOS,178974.21,215390.0,8385
2026-03-11,블루 아카이브,AOS,53998.01,242278.0,1928
2026-03-11,블루 아카이브,iOS,42626.03,147090.0,936
2026-03-11,스타 세이비어,AOS,3195.03,5209.0,621
2026-03-11,스타 세이비어,iOS,829.59,,179
2026-03-11,스텔라소라,AOS,6761.26,15081.0,644
2026-03-11,스텔라소라,iOS,5393.00,25694.0,197
2026-03-11,승리의여신: 니케,AOS,,243973.0,
2026-03-11,승리의여신: 니케,iOS,,219318.0,
2026-03-11,카오스 제로 나이트메어,AOS,18478.26,92055.0,1557
2026-03-11,카오스 제로 나이트메어,iOS,10365.55,57189.0,655
2026-03-12,듀엣 나이트 어비스,AOS,3205.30,27425.0,143
2026-03-12,듀엣 나이트 어비스,iOS,2802.81,47148.0,251
2026-03-12,명일방주: 엔드필드,AOS,337152.16,246180.0,9215
2026-03-12,명일방주: 엔드필드,iOS,1321782.05,255626.0,12476
2026-03-12,블루 아카이브,AOS,62161.99,242409.0,1929
2026-03-12,블루 아카이브,iOS,28490.17,150103.0,904
2026-03-12,스타 세이비어,AOS,2827.82,4815.0,582
2026-03-12,스타 세이비어,iOS,1313.02,,179
2026-03-12,스텔라소라,AOS,7129.43,14819.0,632
2026-03-12,스텔라소라,iOS,4288.03,25242.0,214
2026-03-12,승리의여신: 니케,AOS,,235905.0,
2026-03-12,승리의여신: 니케,iOS,,217238.0,
2026-03-12,카오스 제로 나이트메어,AOS,17981.54,93455.0,1563
2026-03-12,카오스 제로 나이트메어,iOS,9633.28,59976.0,675
2026-03-13,듀엣 나이트 어비스,AOS,3988.67,29171.0,253
2026-03-13,듀엣 나이트 어비스,iOS,2990.73,50915.0,286
2026-03-13,명일방주: 엔드필드,AOS,416827.66,222536.0,10181
2026-03-13,명일방주: 엔드필드,iOS,1047577.31,237344.0,12537
2026-03-13,블루 아카이브,AOS,69037.38,226102.0,2167
2026-03-13,블루 아카이브,iOS,25954.36,138163.0,1011
2026-03-13,스타 세이비어,AOS,3551.19,5094.0,766
2026-03-13,스타 세이비어,iOS,1116.03,,171
2026-03-13,스텔라소라,AOS,7638.83,15386.0,638
2026-03-13,스텔라소라,iOS,4403.59,25902.0,242
2026-03-13,승리의여신: 니케,AOS,,239578.0,
2026-03-13,승리의여신: 니케,iOS,,221302.0,
2026-03-13,카오스 제로 나이트메어,AOS,19190.17,87984.0,1815
2026-03-13,카오스 제로 나이트메어,iOS,12435.29,54786.0,654
2026-03-14,듀엣 나이트 어비스,AOS,3517.99,29525.0,302
2026-03-14,듀엣 나이트 어비스,iOS,2575.32,57431.0,404
2026-03-14,명일방주: 엔드필드,AOS,418347.82,219820.0,11644
2026-03-14,명일방주: 엔드필드,iOS,658591.66,265294.0,14453
2026-03-14,블루 아카이브,AOS,68812.53,247718.0,2488
2026-03-14,블루 아카이브,iOS,25413.87,159489.0,1520
2026-03-14,스타 세이비어,AOS,3398.71,6704.0,797
2026-03-14,스타 세이비어,iOS,1146.02,,197
2026-03-14,스텔라소라,AOS,7729.97,13510.0,728
2026-03-14,스텔라소라,iOS,4842.89,25165.0,288
2026-03-14,승리의여신: 니케,AOS,,246854.0,
2026-03-14,승리의여신: 니케,iOS,,228758.0,
2026-03-14,카오스 제로 나이트메어,AOS,18915.88,90604.0,2097
2026-03-14,카오스 제로 나이트메어,iOS,11388.99,58174.0,635
2026-03-15,듀엣 나이트 어비스,AOS,2793.76,27882.0,265
2026-03-15,듀엣 나이트 어비스,iOS,2125.59,57110.0,330
2026-03-15,명일방주: 엔드필드,AOS,379594.41,217606.0,10644
2026-03-15,명일방주: 엔드필드,iOS,318150.35,249328.0,13779
2026-03-15,블루 아카이브,AOS,52410.06,236270.0,2115
2026-03-15,블루 아카이브,iOS,23962.49,148676.0,1400
2026-03-15,스타 세이비어,AOS,3445.56,6752.0,650
2026-03-15,스타 세이비어,iOS,871.26,,207
2026-03-15,스텔라소라,AOS,10878.02,13466.0,713
2026-03-15,스텔라소라,iOS,6419.19,26573.0,219
2026-03-15,승리의여신: 니케,AOS,,247030.0,
2026-03-15,승리의여신: 니케,iOS,,238248.0,
2026-03-15,카오스 제로 나이트메어,AOS,18766.51,86693.0,1962
2026-03-15,카오스 제로 나이트메어,iOS,11003.03,56820.0,625
2026-03-16,듀엣 나이트 어비스,AOS,1422.30,27462.0,191
2026-03-16,듀엣 나이트 어비스,iOS,1630.28,43917.0,201
2026-03-16,명일방주: 엔드필드,AOS,241709.83,221441.0,8253
2026-03-16,명일방주: 엔드필드,iOS,196426.20,218209.0,9321
2026-03-16,블루 아카이브,AOS,51013.98,238917.0,1530
2026-03-16,블루 아카이브,iOS,21435.81,147147.0,879
2026-03-16,스타 세이비어,AOS,3294.64,6704.0,615
2026-03-16,스타 세이비어,iOS,997.43,,148
2026-03-16,스텔라소라,AOS,14864.79,12875.0,675
2026-03-16,스텔라소라,iOS,7568.13,25366.0,168
2026-03-16,승리의여신: 니케,AOS,,249286.0,
2026-03-16,승리의여신: 니케,iOS,,243508.0,
2026-03-16,카오스 제로 나이트메어,AOS,34608.02,82667.0,1630
2026-03-16,카오스 제로 나이트메어,iOS,11821.27,53054.0,512
2026-03-17,듀엣 나이트 어비스,AOS,1350.44,26698.0,202
2026-03-17,듀엣 나이트 어비스,iOS,1373.34,42043.0,192
2026-03-17,명일방주: 엔드필드,AOS,157104.13,206079.0,9297
2026-03-17,명일방주: 엔드필드,iOS,162172.65,206677.0,9013
2026-03-17,블루 아카이브,AOS,54432.99,239392.0,1854
2026-03-17,블루 아카이브,iOS,33354.81,149734.0,960
2026-03-17,스타 세이비어,AOS,10563.07,8447.0,3263
2026-03-17,스타 세이비어,iOS,959.76,,161
2026-03-17,스텔라소라,AOS,15051.28,12906.0,635
2026-03-17,스텔라소라,iOS,26992.93,26819.0,183
2026-03-17,승리의여신: 니케,AOS,,246435.0,
2026-03-17,승리의여신: 니케,iOS,,229587.0,
2026-03-17,카오스 제로 나이트메어,AOS,50261.54,82140.0,2091
2026-03-17,카오스 제로 나이트메어,iOS,26141.96,51074.0,631
2026-03-18,듀엣 나이트 어비스,AOS,1339.75,26516.0,156
2026-03-18,듀엣 나이트 어비스,iOS,1435.90,42090.0,213
2026-03-18,명일방주: 엔드필드,AOS,108599.34,207117.0,9128
2026-03-18,명일방주: 엔드필드,iOS,132508.82,206127.0,8840
2026-03-18,블루 아카이브,AOS,55536.83,267648.0,1608
2026-03-18,블루 아카이브,iOS,97040.11,168769.0,935
2026-03-18,스타 세이비어,AOS,21096.15,18515.0,18988
2026-03-18,스타 세이비어,iOS,2331.76,,7657
2026-03-18,스텔라소라,AOS,16721.01,12580.0,630
2026-03-18,스텔라소라,iOS,25052.27,26686.0,223
2026-03-18,승리의여신: 니케,AOS,,241744.0,
2026-03-18,승리의여신: 니케,iOS,,227419.0,
2026-03-18,카오스 제로 나이트메어,AOS,56788.62,85941.0,2054
2026-03-18,카오스 제로 나이트메어,iOS,94805.65,54134.0,792
2026-03-19,듀엣 나이트 어비스,AOS,1315.95,27139.0,220
2026-03-19,듀엣 나이트 어비스,iOS,1373.06,39574.0,215
2026-03-19,명일방주: 엔드필드,AOS,100905.74,185092.0,8716
2026-03-19,명일방주: 엔드필드,iOS,97192.23,201375.0,8220
2026-03-19,블루 아카이브,AOS,63927.60,259447.0,1505
2026-03-19,블루 아카이브,iOS,108897.52,163811.0,891
2026-03-19,스타 세이비어,AOS,30654.35,24790.0,18933
2026-03-19,스타 세이비어,iOS,63911.75,,24837
2026-03-19,스텔라소라,AOS,18927.23,13035.0,859
2026-03-19,스텔라소라,iOS,12734.62,27285.0,230
2026-03-19,승리의여신: 니케,AOS,,259122.0,
2026-03-19,승리의여신: 니케,iOS,,249003.0,
2026-03-19,카오스 제로 나이트메어,AOS,66903.11,87919.0,1959
2026-03-19,카오스 제로 나이트메어,iOS,83488.47,55686.0,873
2026-03-20,듀엣 나이트 어비스,AOS,1193.89,28851.0,181
2026-03-20,듀엣 나이트 어비스,iOS,1903.99,42879.0,257
2026-03-20,명일방주: 엔드필드,AOS,99745.56,189289.0,8867
2026-03-20,명일방주: 엔드필드,iOS,103076.79,209779.0,8007
2026-03-20,블루 아카이브,AOS,74851.67,256647.0,1568
2026-03-20,블루 아카이브,iOS,57335.71,164104.0,997
2026-03-20,스타 세이비어,AOS,91971.49,39556.0,32700
2026-03-20,스타 세이비어,iOS,92871.03,,14777
2026-03-20,스텔라소라,AOS,18967.01,13247.0,974
2026-03-20,스텔라소라,iOS,8421.40,26299.0,228
2026-03-20,승리의여신: 니케,AOS,,269302.0,
2026-03-20,승리의여신: 니케,iOS,,258557.0,
2026-03-20,카오스 제로 나이트메어,AOS,70267.39,87267.0,1937
2026-03-20,카오스 제로 나이트메어,iOS,49441.71,53395.0,878
2026-03-21,듀엣 나이트 어비스,AOS,1299.32,28848.0,245
2026-03-21,듀엣 나이트 어비스,iOS,1907.00,53214.0,324
2026-03-21,명일방주: 엔드필드,AOS,83959.22,195373.0,9085
2026-03-21,명일방주: 엔드필드,iOS,97781.95,242514.0,9487
2026-03-21,블루 아카이브,AOS,70214.11,244691.0,1670
2026-03-21,블루 아카이브,iOS,42595.88,168101.0,1417
2026-03-21,스타 세이비어,AOS,107692.37,48856.0,29355
2026-03-21,스타 세이비어,iOS,81794.94,,10465
2026-03-21,스텔라소라,AOS,16965.67,13072.0,1183
2026-03-21,스텔라소라,iOS,6493.71,27492.0,251
2026-03-21,승리의여신: 니케,AOS,,275255.0,
2026-03-21,승리의여신: 니케,iOS,,260446.0,
2026-03-21,카오스 제로 나이트메어,AOS,66553.92,85201.0,2028
2026-03-21,카오스 제로 나이트메어,iOS,27936.29,51117.0,888
2026-03-22,듀엣 나이트 어비스,AOS,1140.96,27189.0,236
2026-03-22,듀엣 나이트 어비스,iOS,1374.29,51523.0,315
2026-03-22,명일방주: 엔드필드,AOS,68675.41,186374.0,7483
2026-03-22,명일방주: 엔드필드,iOS,86646.62,227163.0,8645
2026-03-22,블루 아카이브,AOS,61150.96,241351.0,1438
2026-03-22,블루 아카이브,iOS,28434.46,159648.0,1363
2026-03-22,스타 세이비어,AOS,119698.37,49943.0,23482
2026-03-22,스타 세이비어,iOS,78358.18,,8131
2026-03-22,스텔라소라,AOS,10093.58,13451.0,1236
2026-03-22,스텔라소라,iOS,5215.49,25329.0,258
2026-03-22,승리의여신: 니케,AOS,,266978.0,
2026-03-22,승리의여신: 니케,iOS,,257990.0,
2026-03-22,카오스 제로 나이트메어,AOS,54711.45,85213.0,1834
2026-03-22,카오스 제로 나이트메어,iOS,22348.14,52618.0,875
2026-03-23,듀엣 나이트 어비스,AOS,978.77,26737.0,282
2026-03-23,듀엣 나이트 어비스,iOS,1305.05,40927.0,199
2026-03-23,명일방주: 엔드필드,AOS,59514.35,166506.0,5700
2026-03-23,명일방주: 엔드필드,iOS,80444.47,175184.0,5825
2026-03-23,블루 아카이브,AOS,44345.24,241713.0,1364
2026-03-23,블루 아카이브,iOS,26225.56,148288.0,921
2026-03-23,스타 세이비어,AOS,111287.04,48954.0,18175
2026-03-23,스타 세이비어,iOS,64817.52,,6229
2026-03-23,스텔라소라,AOS,5643.92,12921.0,962
2026-03-23,스텔라소라,iOS,3713.11,26144.0,168
2026-03-23,승리의여신: 니케,AOS,,269567.0,
2026-03-23,승리의여신: 니케,iOS,,255192.0,
2026-03-23,카오스 제로 나이트메어,AOS,29772.02,84066.0,1575
2026-03-23,카오스 제로 나이트메어,iOS,15670.39,53356.0,647
2026-03-24,듀엣 나이트 어비스,AOS,1019.27,26395.0,274
2026-03-24,듀엣 나이트 어비스,iOS,1448.94,44019.0,229
2026-03-24,명일방주: 엔드필드,AOS,64512.18,160607.0,5260
2026-03-24,명일방주: 엔드필드,iOS,83149.08,167274.0,5260
2026-03-24,블루 아카이브,AOS,35097.31,230207.0,1459
2026-03-24,블루 아카이브,iOS,20237.90,142852.0,866
2026-03-24,스타 세이비어,AOS,109242.31,48790.0,15202
2026-03-24,스타 세이비어,iOS,61921.75,,5330
2026-03-24,스텔라소라,AOS,5321.60,12396.0,852
2026-03-24,스텔라소라,iOS,3077.49,25765.0,157
2026-03-24,승리의여신: 니케,AOS,,259770.0,
2026-03-24,승리의여신: 니케,iOS,,237671.0,
2026-03-24,카오스 제로 나이트메어,AOS,21765.31,79058.0,1597
2026-03-24,카오스 제로 나이트메어,iOS,11688.06,49652.0,682
2026-03-25,듀엣 나이트 어비스,AOS,1204.05,26521.0,332
2026-03-25,듀엣 나이트 어비스,iOS,1570.57,44037.0,247
2026-03-25,명일방주: 엔드필드,AOS,70398.71,154677.0,5032
2026-03-25,명일방주: 엔드필드,iOS,99456.17,161240.0,4799
2026-03-25,블루 아카이브,AOS,33785.62,235130.0,1670
2026-03-25,블루 아카이브,iOS,21226.63,146219.0,988
2026-03-25,스타 세이비어,AOS,91466.64,50362.0,18056
2026-03-25,스타 세이비어,iOS,47211.26,,4840
2026-03-25,스텔라소라,AOS,5865.10,11968.0,694
2026-03-25,스텔라소라,iOS,3000.12,25081.0,165
2026-03-25,승리의여신: 니케,AOS,,270679.0,
2026-03-25,승리의여신: 니케,iOS,,244773.0,
2026-03-25,카오스 제로 나이트메어,AOS,21121.07,76489.0,1768
2026-03-25,카오스 제로 나이트메어,iOS,11703.16,46394.0,841
2026-03-26,듀엣 나이트 어비스,AOS,1153.78,26990.0,302
2026-03-26,듀엣 나이트 어비스,iOS,1486.85,42158.0,237
2026-03-26,명일방주: 엔드필드,AOS,72621.55,153667.0,4615
2026-03-26,명일방주: 엔드필드,iOS,89709.45,171001.0,4387
2026-03-26,블루 아카이브,AOS,28489.53,219514.0,1600
2026-03-26,블루 아카이브,iOS,21232.38,136748.0,891
2026-03-26,스타 세이비어,AOS,82450.85,52092.0,16589
2026-03-26,스타 세이비어,iOS,48054.53,,4652
2026-03-26,스텔라소라,AOS,5076.56,11467.0,676
2026-03-26,스텔라소라,iOS,2710.72,22721.0,171
2026-03-26,승리의여신: 니케,AOS,,263928.0,
2026-03-26,승리의여신: 니케,iOS,,241937.0,
2026-03-26,카오스 제로 나이트메어,AOS,19757.30,72800.0,1690
2026-03-26,카오스 제로 나이트메어,iOS,13152.76,45636.0,920
2026-03-27,듀엣 나이트 어비스,AOS,1291.04,27896.0,300
2026-03-27,듀엣 나이트 어비스,iOS,1471.25,46313.0,277
2026-03-27,명일방주: 엔드필드,AOS,133984.48,159045.0,5144
2026-03-27,명일방주: 엔드필드,iOS,87088.14,176729.0,4825
2026-03-27,블루 아카이브,AOS,29804.02,221080.0,1590
2026-03-27,블루 아카이브,iOS,22474.12,138768.0,937
2026-03-27,스타 세이비어,AOS,81725.89,53962.0,16626
2026-03-27,스타 세이비어,iOS,54635.14,,4450
2026-03-27,스텔라소라,AOS,5399.32,11740.0,573
2026-03-27,스텔라소라,iOS,2674.15,21916.0,156
2026-03-27,승리의여신: 니케,AOS,,252114.0,
2026-03-27,승리의여신: 니케,iOS,,227218.0,
2026-03-27,카오스 제로 나이트메어,AOS,19593.54,73060.0,1694
2026-03-27,카오스 제로 나이트메어,iOS,15023.40,43992.0,751
2026-03-28,듀엣 나이트 어비스,AOS,1337.76,28379.0,299
2026-03-28,듀엣 나이트 어비스,iOS,1448.10,57254.0,412
2026-03-28,명일방주: 엔드필드,AOS,417009.02,150347.0,5625
2026-03-28,명일방주: 엔드필드,iOS,97294.23,196232.0,6266
2026-03-28,블루 아카이브,AOS,30917.73,214451.0,1603
2026-03-28,블루 아카이브,iOS,21757.36,145168.0,1302
2026-03-28,스타 세이비어,AOS,75860.16,55736.0,16951
2026-03-28,스타 세이비어,iOS,49996.01,,4353
2026-03-28,스텔라소라,AOS,5798.79,10458.0,543
2026-03-28,스텔라소라,iOS,2920.77,24238.0,196
2026-03-28,승리의여신: 니케,AOS,,268070.0,
2026-03-28,승리의여신: 니케,iOS,,247223.0,
2026-03-28,카오스 제로 나이트메어,AOS,20074.27,70503.0,1752
2026-03-28,카오스 제로 나이트메어,iOS,11799.34,42182.0,676
2026-03-29,듀엣 나이트 어비스,AOS,1055.60,26978.0,222
2026-03-29,듀엣 나이트 어비스,iOS,1217.05,53015.0,384
2026-03-29,명일방주: 엔드필드,AOS,354449.10,184834.0,6146
2026-03-29,명일방주: 엔드필드,iOS,980203.52,220460.0,6794
2026-03-29,블루 아카이브,AOS,25700.74,229308.0,1375
2026-03-29,블루 아카이브,iOS,21189.94,152563.0,1292
2026-03-29,스타 세이비어,AOS,59480.82,56063.0,15111
2026-03-29,스타 세이비어,iOS,40221.09,,3916
2026-03-29,스텔라소라,AOS,5034.74,10458.0,494
2026-03-29,스텔라소라,iOS,2618.66,24381.0,179
2026-03-29,승리의여신: 니케,AOS,,260601.0,
2026-03-29,승리의여신: 니케,iOS,,248006.0,
2026-03-29,카오스 제로 나이트메어,AOS,15236.52,66609.0,1681
2026-03-29,카오스 제로 나이트메어,iOS,10554.51,41169.0,707
2026-03-30,듀엣 나이트 어비스,AOS,1385.35,26099.0,152
2026-03-30,듀엣 나이트 어비스,iOS,1420.91,41578.0,265
2026-03-30,명일방주: 엔드필드,AOS,288644.33,182957.0,5480
2026-03-30,명일방주: 엔드필드,iOS,664539.13,177452.0,5825
2026-03-30,블루 아카이브,AOS,30208.79,213898.0,1242
2026-03-30,블루 아카이브,iOS,19976.34,131329.0,916
2026-03-30,스타 세이비어,AOS,48468.96,57825.0,13273
2026-03-30,스타 세이비어,iOS,38925.24,,3090
2026-03-30,스텔라소라,AOS,5197.11,10347.0,349
2026-03-30,스텔라소라,iOS,2691.53,24435.0,116
2026-03-30,승리의여신: 니케,AOS,,248081.0,
2026-03-30,승리의여신: 니케,iOS,,237195.0,
2026-03-30,카오스 제로 나이트메어,AOS,13161.96,64187.0,1424
2026-03-30,카오스 제로 나이트메어,iOS,9159.85,40295.0,533
2026-03-31,듀엣 나이트 어비스,AOS,1935.70,25632.0,137
2026-03-31,듀엣 나이트 어비스,iOS,1655.85,42416.0,264
2026-03-31,명일방주: 엔드필드,AOS,499362.75,175407.0,5641
2026-03-31,명일방주: 엔드필드,iOS,456721.08,173653.0,6027
2026-03-31,블루 아카이브,AOS,99368.21,230391.0,1334
2026-03-31,블루 아카이브,iOS,43927.43,142017.0,849
2026-03-31,스타 세이비어,AOS,83440.02,56890.0,14347
2026-03-31,스타 세이비어,iOS,37167.43,,3047
2026-03-31,스텔라소라,AOS,12342.80,10285.0,333
2026-03-31,스텔라소라,iOS,3646.13,24403.0,136
2026-03-31,승리의여신: 니케,AOS,,247535.0,
2026-03-31,승리의여신: 니케,iOS,,232976.0,
2026-03-31,카오스 제로 나이트메어,AOS,19700.71,63448.0,1409
2026-03-31,카오스 제로 나이트메어,iOS,10046.92,42041.0,500
2026-04-01,듀엣 나이트 어비스,AOS,1268.12,25948.0,125
2026-04-01,듀엣 나이트 어비스,iOS,1428.26,45008.0,271
2026-04-01,명일방주: 엔드필드,AOS,495266.04,178550.0,5159
2026-04-01,명일방주: 엔드필드,iOS,405869.99,172361.0,5907
2026-04-01,블루 아카이브,AOS,89681.86,242206.0,1288
2026-04-01,블루 아카이브,iOS,130660.71,152394.0,889
2026-04-01,스타 세이비어,AOS,102068.52,58656.0,15197
2026-04-01,스타 세이비어,iOS,54430.25,,2927
2026-04-01,스텔라소라,AOS,13183.95,9606.0,358
2026-04-01,스텔라소라,iOS,10196.05,23604.0,184
2026-04-01,승리의여신: 니케,AOS,,272409.0,
2026-04-01,승리의여신: 니케,iOS,,259991.0,
2026-04-01,카오스 제로 나이트메어,AOS,19982.05,62874.0,1368
2026-04-01,카오스 제로 나이트메어,iOS,15214.13,41772.0,518
2026-04-02,듀엣 나이트 어비스,AOS,1848.85,26143.0,168
2026-04-02,듀엣 나이트 어비스,iOS,1466.19,42793.0,222
2026-04-02,명일방주: 엔드필드,AOS,305123.41,157899.0,5140
2026-04-02,명일방주: 엔드필드,iOS,198949.13,157767.0,5747
2026-04-02,블루 아카이브,AOS,60282.55,221191.0,1170
2026-04-02,블루 아카이브,iOS,78931.62,138163.0,892
2026-04-02,스타 세이비어,AOS,91306.16,58406.0,13886
2026-04-02,스타 세이비어,iOS,117621.32,,3109
2026-04-02,스텔라소라,AOS,8902.57,9414.0,372
2026-04-02,스텔라소라,iOS,6189.40,23704.0,240
2026-04-02,승리의여신: 니케,AOS,,262998.0,
2026-04-02,승리의여신: 니케,iOS,,248529.0,
2026-04-02,카오스 제로 나이트메어,AOS,16732.37,62192.0,1471
2026-04-02,카오스 제로 나이트메어,iOS,11222.44,41820.0,500
2026-04-03,듀엣 나이트 어비스,AOS,1403.19,26946.0,192
2026-04-03,듀엣 나이트 어비스,iOS,1424.14,46110.0,203
2026-04-03,명일방주: 엔드필드,AOS,190015.05,167381.0,5643
2026-04-03,명일방주: 엔드필드,iOS,168490.05,168504.0,6393
2026-04-03,블루 아카이브,AOS,63327.01,214133.0,1401
2026-04-03,블루 아카이브,iOS,45958.56,134182.0,1016
2026-04-03,스타 세이비어,AOS,93738.46,62673.0,13510
2026-04-03,스타 세이비어,iOS,85255.35,,3100
2026-04-03,스텔라소라,AOS,8675.44,9477.0,417
2026-04-03,스텔라소라,iOS,4494.35,24013.0,211
2026-04-03,승리의여신: 니케,AOS,,261857.0,
2026-04-03,승리의여신: 니케,iOS,,243336.0,
2026-04-03,카오스 제로 나이트메어,AOS,17070.60,61421.0,1526
2026-04-03,카오스 제로 나이트메어,iOS,10453.65,39478.0,435
2026-04-04,듀엣 나이트 어비스,AOS,1391.66,28053.0,201
2026-04-04,듀엣 나이트 어비스,iOS,1563.30,59765.0,280
2026-04-04,명일방주: 엔드필드,AOS,163953.37,158592.0,5508
2026-04-04,명일방주: 엔드필드,iOS,141810.93,194157.0,7363
2026-04-04,블루 아카이브,AOS,62540.79,221688.0,1464
2026-04-04,블루 아카이브,iOS,31847.09,150596.0,1426
2026-04-04,스타 세이비어,AOS,82717.27,61978.0,12379
2026-04-04,스타 세이비어,iOS,53122.24,,2769
2026-04-04,스텔라소라,AOS,8309.83,9458.0,387
2026-04-04,스텔라소라,iOS,4431.44,21121.0,203
2026-04-04,승리의여신: 니케,AOS,,260750.0,
2026-04-04,승리의여신: 니케,iOS,,244051.0,
2026-04-04,카오스 제로 나이트메어,AOS,16411.92,60401.0,1617
2026-04-04,카오스 제로 나이트메어,iOS,9206.94,39037.0,545
2026-04-05,듀엣 나이트 어비스,AOS,4298.96,27347.0,198
2026-04-05,듀엣 나이트 어비스,iOS,2866.45,54874.0,249
2026-04-05,명일방주: 엔드필드,AOS,119796.23,152900.0,4807
2026-04-05,명일방주: 엔드필드,iOS,115798.13,188650.0,6547
2026-04-05,블루 아카이브,AOS,56814.24,209043.0,1393
2026-04-05,블루 아카이브,iOS,26202.34,143670.0,1439
2026-04-05,스타 세이비어,AOS,74997.03,58151.0,11297
2026-04-05,스타 세이비어,iOS,36633.60,,2425
2026-04-05,스텔라소라,AOS,7154.40,9142.0,346
2026-04-05,스텔라소라,iOS,3686.44,22158.0,215
2026-04-05,승리의여신: 니케,AOS,,265352.0,
2026-04-05,승리의여신: 니케,iOS,,249308.0,
2026-04-05,카오스 제로 나이트메어,AOS,15932.54,58595.0,1551
2026-04-05,카오스 제로 나이트메어,iOS,9924.76,38190.0,606
2026-04-06,듀엣 나이트 어비스,AOS,4004.95,26506.0,169
2026-04-06,듀엣 나이트 어비스,iOS,3591.13,44936.0,233
2026-04-06,명일방주: 엔드필드,AOS,89394.03,152175.0,3812
2026-04-06,명일방주: 엔드필드,iOS,91401.89,160208.0,5214
2026-04-06,블루 아카이브,AOS,45658.19,203338.0,1390
2026-04-06,블루 아카이브,iOS,23718.98,132172.0,1172
2026-04-06,스타 세이비어,AOS,64336.11,54641.0,10318
2026-04-06,스타 세이비어,iOS,29272.24,,1959
2026-04-06,스텔라소라,AOS,5332.18,9310.0,273
2026-04-06,스텔라소라,iOS,4217.52,23351.0,178
2026-04-06,승리의여신: 니케,AOS,,255399.0,
2026-04-06,승리의여신: 니케,iOS,,238098.0,
2026-04-06,카오스 제로 나이트메어,AOS,22809.54,56257.0,1434
2026-04-06,카오스 제로 나이트메어,iOS,11103.58,36188.0,510
2026-04-07,듀엣 나이트 어비스,AOS,5765.01,26934.0,198
2026-04-07,듀엣 나이트 어비스,iOS,14196.85,49434.0,311
2026-04-07,명일방주: 엔드필드,AOS,77908.91,147935.0,3219
2026-04-07,명일방주: 엔드필드,iOS,91989.01,147351.0,3853
2026-04-07,블루 아카이브,AOS,43761.61,203599.0,1327
2026-04-07,블루 아카이브,iOS,30476.82,126360.0,839
2026-04-07,스타 세이비어,AOS,41448.63,50216.0,9934
2026-04-07,스타 세이비어,iOS,27751.70,,1642
2026-04-07,스텔라소라,AOS,4315.39,8458.0,257
2026-04-07,스텔라소라,iOS,3754.13,25595.0,150
2026-04-07,승리의여신: 니케,AOS,,257227.0,
2026-04-07,승리의여신: 니케,iOS,,234702.0,
2026-04-07,카오스 제로 나이트메어,AOS,53753.77,58640.0,1334
2026-04-07,카오스 제로 나이트메어,iOS,20698.03,36670.0,572
2026-04-08,듀엣 나이트 어비스,AOS,7275.74,26910.0,229
2026-04-08,듀엣 나이트 어비스,iOS,10798.59,52509.0,353
2026-04-08,명일방주: 엔드필드,AOS,75513.58,144808.0,3146
2026-04-08,명일방주: 엔드필드,iOS,87759.14,148053.0,3873
2026-04-08,블루 아카이브,AOS,43548.92,199987.0,1255
2026-04-08,블루 아카이브,iOS,27694.91,123648.0,910
2026-04-08,스타 세이비어,AOS,44920.71,49716.0,9851
2026-04-08,스타 세이비어,iOS,23522.26,,1936
2026-04-08,스텔라소라,AOS,4472.73,8912.0,203
2026-04-08,스텔라소라,iOS,2243.18,24774.0,136
2026-04-08,승리의여신: 니케,AOS,,252982.0,
2026-04-08,승리의여신: 니케,iOS,,239444.0,
2026-04-08,카오스 제로 나이트메어,AOS,63807.10,61525.0,1402
2026-04-08,카오스 제로 나이트메어,iOS,99775.53,38418.0,786
2026-04-09,듀엣 나이트 어비스,AOS,7543.83,27216.0,224
2026-04-09,듀엣 나이트 어비스,iOS,5302.37,50986.0,345
2026-04-09,명일방주: 엔드필드,AOS,73801.46,141780.0,2799
2026-04-09,명일방주: 엔드필드,iOS,69541.57,139519.0,3337
2026-04-09,블루 아카이브,AOS,44499.43,205864.0,1289
2026-04-09,블루 아카이브,iOS,19166.71,127496.0,929
2026-04-09,스타 세이비어,AOS,34195.81,49018.0,9783
2026-04-09,스타 세이비어,iOS,21767.77,,2775
2026-04-09,스텔라소라,AOS,4026.49,9172.0,192
2026-04-09,스텔라소라,iOS,1635.77,24189.0,128
2026-04-09,승리의여신: 니케,AOS,,258495.0,
2026-04-09,승리의여신: 니케,iOS,,240586.0,
2026-04-09,카오스 제로 나이트메어,AOS,70020.29,63774.0,1353
2026-04-09,카오스 제로 나이트메어,iOS,90044.94,39313.0,698
2026-04-10,듀엣 나이트 어비스,AOS,9201.75,27793.0,186
2026-04-10,듀엣 나이트 어비스,iOS,5475.02,50315.0,414
2026-04-10,명일방주: 엔드필드,AOS,72371.44,131302.0,3584
2026-04-10,명일방주: 엔드필드,iOS,76392.15,139962.0,3633
2026-04-10,블루 아카이브,AOS,43197.84,204821.0,1547
2026-04-10,블루 아카이브,iOS,19886.63,129305.0,992
2026-04-10,스타 세이비어,AOS,34290.02,51492.0,11200
2026-04-10,스타 세이비어,iOS,21947.88,,3075
2026-04-10,스텔라소라,AOS,4156.52,8887.0,289
2026-04-10,스텔라소라,iOS,1604.58,21003.0,150
2026-04-10,승리의여신: 니케,AOS,,267980.0,
2026-04-10,승리의여신: 니케,iOS,,246680.0,
2026-04-10,카오스 제로 나이트메어,AOS,77074.50,63026.0,1518
2026-04-10,카오스 제로 나이트메어,iOS,51765.51,38179.0,609
2026-04-11,듀엣 나이트 어비스,AOS,6982.03,27518.0,335
2026-04-11,듀엣 나이트 어비스,iOS,4396.73,55666.0,426
2026-04-11,명일방주: 엔드필드,AOS,75699.87,128572.0,4086
2026-04-11,명일방주: 엔드필드,iOS,91741.34,174100.0,5757
2026-04-11,블루 아카이브,AOS,42603.26,201582.0,1660
2026-04-11,블루 아카이브,iOS,18023.37,137023.0,1363
2026-04-11,스타 세이비어,AOS,31097.70,54377.0,11949
2026-04-11,스타 세이비어,iOS,20587.82,,3258
2026-04-11,스텔라소라,AOS,3003.10,8978.0,335
2026-04-11,스텔라소라,iOS,1648.46,21470.0,258
2026-04-11,승리의여신: 니케,AOS,,267531.0,
2026-04-11,승리의여신: 니케,iOS,,248965.0,
2026-04-11,카오스 제로 나이트메어,AOS,77401.43,63776.0,1597
2026-04-11,카오스 제로 나이트메어,iOS,32924.22,38329.0,677
2026-04-12,듀엣 나이트 어비스,AOS,3763.21,26107.0,188
2026-04-12,듀엣 나이트 어비스,iOS,3615.10,50393.0,425
2026-04-12,명일방주: 엔드필드,AOS,63277.50,144883.0,4139
2026-04-12,명일방주: 엔드필드,iOS,93124.93,183471.0,6250
2026-04-12,블루 아카이브,AOS,30946.40,206275.0,1360
2026-04-12,블루 아카이브,iOS,17365.55,142859.0,1252
2026-04-12,스타 세이비어,AOS,25828.58,54946.0,12949
2026-04-12,스타 세이비어,iOS,18802.96,,2665
2026-04-12,스텔라소라,AOS,1974.67,9002.0,303
2026-04-12,스텔라소라,iOS,1739.20,23014.0,348
2026-04-12,승리의여신: 니케,AOS,,265081.0,
2026-04-12,승리의여신: 니케,iOS,,250325.0,
2026-04-12,카오스 제로 나이트메어,AOS,68118.53,61664.0,1424
2026-04-12,카오스 제로 나이트메어,iOS,24785.52,37195.0,688
2026-04-13,듀엣 나이트 어비스,AOS,2621.34,25287.0,119
2026-04-13,듀엣 나이트 어비스,iOS,2873.91,40900.0,277
2026-04-13,명일방주: 엔드필드,AOS,59258.98,148775.0,2951
2026-04-13,명일방주: 엔드필드,iOS,96175.54,170225.0,4514
2026-04-13,블루 아카이브,AOS,25019.14,197449.0,1172
2026-04-13,블루 아카이브,iOS,16287.08,127398.0,887
2026-04-13,스타 세이비어,AOS,20925.65,49423.0,10593
2026-04-13,스타 세이비어,iOS,15015.28,,2445
2026-04-13,스텔라소라,AOS,1930.87,9726.0,265
2026-04-13,스텔라소라,iOS,1429.92,22400.0,250
2026-04-13,승리의여신: 니케,AOS,,254636.0,
2026-04-13,승리의여신: 니케,iOS,,237241.0,
2026-04-13,카오스 제로 나이트메어,AOS,35495.59,59994.0,1005
2026-04-13,카오스 제로 나이트메어,iOS,17168.52,36406.0,527
2026-04-14,듀엣 나이트 어비스,AOS,2728.03,25955.0,267
2026-04-14,듀엣 나이트 어비스,iOS,2715.99,45110.0,314
2026-04-14,명일방주: 엔드필드,AOS,71657.11,141953.0,3364
2026-04-14,명일방주: 엔드필드,iOS,91407.17,150748.0,3997
2026-04-14,블루 아카이브,AOS,27107.03,204388.0,1142
2026-04-14,블루 아카이브,iOS,22155.66,123819.0,872
2026-04-14,스타 세이비어,AOS,24704.64,50159.0,10250
2026-04-14,스타 세이비어,iOS,14666.55,,2720
2026-04-14,스텔라소라,AOS,5115.41,10026.0,403
2026-04-14,스텔라소라,iOS,1810.26,24056.0,252
2026-04-14,승리의여신: 니케,AOS,,242172.0,
2026-04-14,승리의여신: 니케,iOS,,215438.0,
2026-04-14,카오스 제로 나이트메어,AOS,27411.46,58207.0,1202
2026-04-14,카오스 제로 나이트메어,iOS,15242.45,35908.0,546
2026-04-15,듀엣 나이트 어비스,AOS,2961.02,25653.0,221
2026-04-15,듀엣 나이트 어비스,iOS,2701.46,44306.0,288
2026-04-15,명일방주: 엔드필드,AOS,197675.52,148344.0,2950
2026-04-15,명일방주: 엔드필드,iOS,95500.56,146532.0,3642
2026-04-15,블루 아카이브,AOS,29298.05,213775.0,1064
2026-04-15,블루 아카이브,iOS,28200.32,129965.0,763
2026-04-15,스타 세이비어,AOS,29451.50,49238.0,9096
2026-04-15,스타 세이비어,iOS,16076.49,,2552
2026-04-15,스텔라소라,AOS,13847.52,9943.0,550
2026-04-15,스텔라소라,iOS,2958.90,23395.0,291
2026-04-15,승리의여신: 니케,AOS,,236455.0,
2026-04-15,승리의여신: 니케,iOS,,214304.0,
2026-04-15,카오스 제로 나이트메어,AOS,25142.60,58004.0,1148
2026-04-15,카오스 제로 나이트메어,iOS,13713.35,36711.0,525
2026-04-16,듀엣 나이트 어비스,AOS,2351.98,25665.0,208
2026-04-16,듀엣 나이트 어비스,iOS,2046.13,43220.0,209
2026-04-16,명일방주: 엔드필드,AOS,388422.68,155453.0,6342
2026-04-16,명일방주: 엔드필드,iOS,81577.07,148170.0,3557
2026-04-16,블루 아카이브,AOS,26052.26,208915.0,1048
2026-04-16,블루 아카이브,iOS,26542.36,127779.0,706
2026-04-16,스타 세이비어,AOS,30410.74,50853.0,9448
2026-04-16,스타 세이비어,iOS,24774.41,,2157
2026-04-16,스텔라소라,AOS,21746.89,10444.0,836
2026-04-16,스텔라소라,iOS,6177.31,25500.0,316
2026-04-16,승리의여신: 니케,AOS,,249480.0,
2026-04-16,승리의여신: 니케,iOS,,224762.0,
2026-04-16,카오스 제로 나이트메어,AOS,22433.81,58519.0,1235
2026-04-16,카오스 제로 나이트메어,iOS,13176.10,37101.0,479
2026-04-17,듀엣 나이트 어비스,AOS,1278.91,25820.0,208
2026-04-17,듀엣 나이트 어비스,iOS,1631.69,40618.0,160
2026-04-17,명일방주: 엔드필드,AOS,475071.26,190654.0,9906
2026-04-17,명일방주: 엔드필드,iOS,269665.46,200708.0,7396
2026-04-17,블루 아카이브,AOS,23788.47,191704.0,1124
2026-04-17,블루 아카이브,iOS,21546.18,117828.0,838
2026-04-17,스타 세이비어,AOS,32196.24,51905.0,9481
2026-04-17,스타 세이비어,iOS,34729.98,,1973
2026-04-17,스텔라소라,AOS,24506.95,10886.0,938
2026-04-17,스텔라소라,iOS,10264.33,26560.0,319
2026-04-17,승리의여신: 니케,AOS,,241854.0,
2026-04-17,승리의여신: 니케,iOS,,216232.0,
2026-04-17,카오스 제로 나이트메어,AOS,24074.76,59198.0,1299
2026-04-17,카오스 제로 나이트메어,iOS,15171.30,37644.0,544
2026-04-18,듀엣 나이트 어비스,AOS,1163.32,25275.0,251
2026-04-18,듀엣 나이트 어비스,iOS,1515.84,45578.0,274
2026-04-18,명일방주: 엔드필드,AOS,446087.61,176581.0,12707
2026-04-18,명일방주: 엔드필드,iOS,1202437.39,213552.0,13534
2026-04-18,블루 아카이브,AOS,23326.08,194001.0,1164
2026-04-18,블루 아카이브,iOS,16025.35,128077.0,1239
2026-04-18,스타 세이비어,AOS,30102.04,51632.0,9914
2026-04-18,스타 세이비어,iOS,23683.18,,2004
2026-04-18,스텔라소라,AOS,24929.89,11185.0,959
2026-04-18,스텔라소라,iOS,18229.91,28140.0,457
2026-04-18,승리의여신: 니케,AOS,,263201.0,
2026-04-18,승리의여신: 니케,iOS,,247794.0,
2026-04-18,카오스 제로 나이트메어,AOS,24349.57,64534.0,1617
2026-04-18,카오스 제로 나이트메어,iOS,17597.53,42321.0,713
2026-04-19,듀엣 나이트 어비스,AOS,987.46,24565.0,229
2026-04-19,듀엣 나이트 어비스,iOS,1244.26,45890.0,276
2026-04-19,명일방주: 엔드필드,AOS,485420.11,185280.0,11493
2026-04-19,명일방주: 엔드필드,iOS,693919.60,217483.0,11788
2026-04-19,블루 아카이브,AOS,33998.67,224164.0,1204
2026-04-19,블루 아카이브,iOS,15090.49,150929.0,1307
2026-04-19,스타 세이비어,AOS,26902.70,50436.0,8551
2026-04-19,스타 세이비어,iOS,14619.32,,1741
2026-04-19,스텔라소라,AOS,22572.71,11485.0,691
2026-04-19,스텔라소라,iOS,13132.60,27661.0,392
2026-04-19,승리의여신: 니케,AOS,,270687.0,
2026-04-19,승리의여신: 니케,iOS,,248476.0,
2026-04-19,카오스 제로 나이트메어,AOS,22303.38,67326.0,1569
2026-04-19,카오스 제로 나이트메어,iOS,17096.32,46046.0,777
2026-04-20,듀엣 나이트 어비스,AOS,817.18,24405.0,185
2026-04-20,듀엣 나이트 어비스,iOS,1054.26,36957.0,160
2026-04-20,명일방주: 엔드필드,AOS,464261.76,178955.0,10176
2026-04-20,명일방주: 엔드필드,iOS,442583.66,178525.0,7649
2026-04-20,블루 아카이브,AOS,72423.98,237865.0,1110
2026-04-20,블루 아카이브,iOS,21971.26,152795.0,959
2026-04-20,스타 세이비어,AOS,22071.00,42331.0,5906
2026-04-20,스타 세이비어,iOS,10194.96,,1077
2026-04-20,스텔라소라,AOS,22658.85,11492.0,549
2026-04-20,스텔라소라,iOS,10185.41,27354.0,256
2026-04-20,승리의여신: 니케,AOS,,265420.0,
2026-04-20,승리의여신: 니케,iOS,,243651.0,
2026-04-20,카오스 제로 나이트메어,AOS,19664.53,67760.0,1320
2026-04-20,카오스 제로 나이트메어,iOS,17317.93,45721.0,623
2026-04-21,듀엣 나이트 어비스,AOS,1344.82,24692.0,191
2026-04-21,듀엣 나이트 어비스,iOS,1337.58,41458.0,165
2026-04-21,명일방주: 엔드필드,AOS,355285.00,184943.0,10832
2026-04-21,명일방주: 엔드필드,iOS,318466.68,166435.0,7144
2026-04-21,블루 아카이브,AOS,69545.71,280983.0,1203
2026-04-21,블루 아카이브,iOS,163153.34,183260.0,1035
2026-04-21,스타 세이비어,AOS,13862.98,39509.0,3853
2026-04-21,스타 세이비어,iOS,7729.62,,940
2026-04-21,스텔라소라,AOS,15805.85,11385.0,509
2026-04-21,스텔라소라,iOS,7792.10,28743.0,242
2026-04-21,승리의여신: 니케,AOS,,271037.0,
2026-04-21,승리의여신: 니케,iOS,,237773.0,
2026-04-21,이환,iOS,0.00,180690.0,278098
2026-04-21,카오스 제로 나이트메어,AOS,19389.80,65469.0,1432
2026-04-21,카오스 제로 나이트메어,iOS,11886.33,43274.0,589
2026-04-22,듀엣 나이트 어비스,AOS,968.68,24407.0,174
2026-04-22,듀엣 나이트 어비스,iOS,1100.59,42020.0,158
2026-04-22,명일방주: 엔드필드,AOS,180482.06,178467.0,10460
2026-04-22,명일방주: 엔드필드,iOS,227062.46,159854.0,6484
2026-04-22,블루 아카이브,AOS,72298.80,270382.0,1249
2026-04-22,블루 아카이브,iOS,265488.41,173795.0,1021
2026-04-22,스타 세이비어,AOS,10356.86,36199.0,2764
2026-04-22,스타 세이비어,iOS,6474.22,,742
2026-04-22,스텔라소라,AOS,10546.43,11563.0,431
2026-04-22,스텔라소라,iOS,5100.37,29434.0,237
2026-04-22,승리의여신: 니케,AOS,,314304.0,
2026-04-22,승리의여신: 니케,iOS,,284533.0,
2026-04-22,이환,iOS,38021.06,265841.0,229020
2026-04-22,카오스 제로 나이트메어,AOS,19169.41,67507.0,1382
2026-04-22,카오스 제로 나이트메어,iOS,10994.99,44328.0,619
2026-04-23,듀엣 나이트 어비스,AOS,1394.45,24646.0,164
2026-04-23,듀엣 나이트 어비스,iOS,1436.34,41103.0,172
2026-04-23,명일방주: 엔드필드,AOS,135548.70,174894.0,9551
2026-04-23,명일방주: 엔드필드,iOS,145469.32,150493.0,6005
2026-04-23,블루 아카이브,AOS,98402.94,248711.0,1207
2026-04-23,블루 아카이브,iOS,128804.81,156099.0,909
2026-04-23,스타 세이비어,AOS,9867.96,35895.0,2240
2026-04-23,스타 세이비어,iOS,5526.51,,654
2026-04-23,스텔라소라,AOS,9998.84,11586.0,393
2026-04-23,스텔라소라,iOS,4659.01,30003.0,197
2026-04-23,승리의여신: 니케,AOS,,352838.0,
2026-04-23,승리의여신: 니케,iOS,,323232.0,
2026-04-23,이환,iOS,321543.53,324423.0,217601
2026-04-23,카오스 제로 나이트메어,AOS,18758.12,70415.0,1315
2026-04-23,카오스 제로 나이트메어,iOS,11541.96,45507.0,616
2026-04-24,듀엣 나이트 어비스,AOS,868.29,24902.0,173
2026-04-24,듀엣 나이트 어비스,iOS,1186.56,42466.0,242
2026-04-24,명일방주: 엔드필드,AOS,113704.33,166859.0,9866
2026-04-24,명일방주: 엔드필드,iOS,148253.59,169112.0,6528
2026-04-24,블루 아카이브,AOS,127038.67,244950.0,1459
2026-04-24,블루 아카이브,iOS,88590.73,151606.0,1038
2026-04-24,스타 세이비어,AOS,8747.57,36712.0,1884
2026-04-24,스타 세이비어,iOS,6799.46,,557
2026-04-24,스텔라소라,AOS,9315.76,10855.0,378
2026-04-24,스텔라소라,iOS,5377.65,32098.0,199
2026-04-24,승리의여신: 니케,AOS,,366997.0,
2026-04-24,승리의여신: 니케,iOS,,329173.0,
2026-04-24,이환,iOS,306115.91,364091.0,199014
2026-04-24,카오스 제로 나이트메어,AOS,19786.15,70969.0,1552
2026-04-24,카오스 제로 나이트메어,iOS,11321.08,45940.0,645
2026-04-25,듀엣 나이트 어비스,AOS,900.56,24778.0,288
2026-04-25,듀엣 나이트 어비스,iOS,1399.38,47665.0,320
2026-04-25,명일방주: 엔드필드,AOS,101350.22,170089.0,10720
2026-04-25,명일방주: 엔드필드,iOS,151217.34,204387.0,8249
2026-04-25,블루 아카이브,AOS,104610.68,253034.0,1687
2026-04-25,블루 아카이브,iOS,71938.76,163144.0,1452
2026-04-25,스타 세이비어,AOS,8988.18,36863.0,1821
2026-04-25,스타 세이비어,iOS,7042.56,,578
2026-04-25,스텔라소라,AOS,9014.35,10333.0,362
2026-04-25,스텔라소라,iOS,5332.32,28749.0,252
2026-04-25,승리의여신: 니케,AOS,,367092.0,
2026-04-25,승리의여신: 니케,iOS,,327176.0,
2026-04-25,이환,iOS,271191.90,404496.0,205226
2026-04-25,카오스 제로 나이트메어,AOS,19651.35,69992.0,1847
2026-04-25,카오스 제로 나이트메어,iOS,11188.22,45165.0,688
2026-04-26,듀엣 나이트 어비스,AOS,976.00,24260.0,262
2026-04-26,듀엣 나이트 어비스,iOS,1265.93,48291.0,333
2026-04-26,명일방주: 엔드필드,AOS,72951.62,180531.0,10013
2026-04-26,명일방주: 엔드필드,iOS,120963.92,202991.0,8607
2026-04-26,블루 아카이브,AOS,64078.73,258113.0,1398
2026-04-26,블루 아카이브,iOS,55693.30,169138.0,1426
2026-04-26,스타 세이비어,AOS,6569.08,35099.0,1423
2026-04-26,스타 세이비어,iOS,5836.87,,620
2026-04-26,스텔라소라,AOS,7771.04,9770.0,291
2026-04-26,스텔라소라,iOS,4502.83,24477.0,242
2026-04-26,승리의여신: 니케,AOS,,368684.0,
2026-04-26,승리의여신: 니케,iOS,,316710.0,
2026-04-26,이환,iOS,221599.67,431210.0,189136
2026-04-26,카오스 제로 나이트메어,AOS,20014.87,67703.0,1707
2026-04-26,카오스 제로 나이트메어,iOS,11351.73,45330.0,804
2026-04-27,듀엣 나이트 어비스,AOS,634.58,23507.0,195
2026-04-27,듀엣 나이트 어비스,iOS,947.15,35708.0,229
2026-04-27,명일방주: 엔드필드,AOS,60373.38,175130.0,6545
2026-04-27,명일방주: 엔드필드,iOS,95657.69,170748.0,6215
2026-04-27,블루 아카이브,AOS,44540.60,248743.0,1275
2026-04-27,블루 아카이브,iOS,47912.96,153600.0,951
2026-04-27,스타 세이비어,AOS,4652.45,30567.0,1049
2026-04-27,스타 세이비어,iOS,4377.51,,519
2026-04-27,스텔라소라,AOS,6071.95,9843.0,264
2026-04-27,스텔라소라,iOS,3447.51,24983.0,162
2026-04-27,승리의여신: 니케,AOS,,359808.0,
2026-04-27,승리의여신: 니케,iOS,,303803.0,
2026-04-27,이환,iOS,190652.69,573662.0,416853
2026-04-27,카오스 제로 나이트메어,AOS,51239.10,64823.0,1682
2026-04-27,카오스 제로 나이트메어,iOS,10273.27,43494.0,634
2026-04-28,듀엣 나이트 어비스,AOS,848.06,23535.0,316
2026-04-28,듀엣 나이트 어비스,iOS,1065.31,36992.0,189
2026-04-28,명일방주: 엔드필드,AOS,62590.37,177611.0,6511
2026-04-28,명일방주: 엔드필드,iOS,88857.90,159274.0,5329
2026-04-28,블루 아카이브,AOS,53342.76,239709.0,1413
2026-04-28,블루 아카이브,iOS,57978.92,146259.0,877
2026-04-28,스타 세이비어,AOS,9940.22,30008.0,963
2026-04-28,스타 세이비어,iOS,5141.70,,473
2026-04-28,스텔라소라,AOS,7421.27,9832.0,277
2026-04-28,스텔라소라,iOS,3524.08,24933.0,169
2026-04-28,승리의여신: 니케,AOS,,361815.0,
2026-04-28,승리의여신: 니케,iOS,,305831.0,
2026-04-28,이환,AOS,138872.14,151643.0,293899
2026-04-28,이환,iOS,212162.60,619956.0,330954
2026-04-28,카오스 제로 나이트메어,AOS,140036.18,62754.0,2161
2026-04-28,카오스 제로 나이트메어,iOS,45658.64,42382.0,739
2026-04-29,듀엣 나이트 어비스,AOS,888.75,23127.0,190
2026-04-29,듀엣 나이트 어비스,iOS,1131.53,37393.0,195
2026-04-29,명일방주: 엔드필드,AOS,53609.58,160194.0,6565
2026-04-29,명일방주: 엔드필드,iOS,85926.69,147426.0,5383
2026-04-29,블루 아카이브,AOS,50032.68,246767.0,1422
2026-04-29,블루 아카이브,iOS,43817.46,152461.0,883
2026-04-29,스타 세이비어,AOS,11529.74,28037.0,813
2026-04-29,스타 세이비어,iOS,7400.79,,435
2026-04-29,스텔라소라,AOS,10145.02,9310.0,259
2026-04-29,스텔라소라,iOS,3760.89,26295.0,193
2026-04-29,승리의여신: 니케,AOS,,354779.0,
2026-04-29,승리의여신: 니케,iOS,,299354.0,
2026-04-29,이환,AOS,169892.76,257715.0,296054
2026-04-29,이환,iOS,409843.85,696024.0,372634
2026-04-29,카오스 제로 나이트메어,AOS,156503.21,73166.0,2464
2026-04-29,카오스 제로 나이트메어,iOS,290397.69,50610.0,1511
2026-04-30,듀엣 나이트 어비스,AOS,1095.41,24492.0,192
2026-04-30,듀엣 나이트 어비스,iOS,1430.58,35999.0,184
2026-04-30,명일방주: 엔드필드,AOS,97844.87,156683.0,6073
2026-04-30,명일방주: 엔드필드,iOS,70272.24,147967.0,5407
2026-04-30,블루 아카이브,AOS,98398.13,236469.0,1507
2026-04-30,블루 아카이브,iOS,43895.39,144606.0,964
2026-04-30,스타 세이비어,AOS,17297.42,28185.0,1034
2026-04-30,스타 세이비어,iOS,18550.71,,410
2026-04-30,스텔라소라,AOS,20672.51,9158.0,301
2026-04-30,스텔라소라,iOS,6220.45,29108.0,180
2026-04-30,승리의여신: 니케,AOS,,358439.0,
2026-04-30,승리의여신: 니케,iOS,,313455.0,
2026-04-30,이환,AOS,304317.65,345857.0,311394
2026-04-30,이환,iOS,376233.37,735710.0,314147
2026-04-30,카오스 제로 나이트메어,AOS,263887.19,82219.0,3200
2026-04-30,카오스 제로 나이트메어,iOS,266312.79,55722.0,1818
2026-05-01,듀엣 나이트 어비스,AOS,1098.36,25170.0,204
2026-05-01,듀엣 나이트 어비스,iOS,1645.56,36288.0,210
2026-05-01,명일방주: 엔드필드,AOS,98949.15,162909.0,6421
2026-05-01,명일방주: 엔드필드,iOS,128811.56,179124.0,6259
2026-05-01,블루 아카이브,AOS,115201.73,239503.0,1579
2026-05-01,블루 아카이브,iOS,105090.06,154066.0,1299
2026-05-01,스타 세이비어,AOS,19356.10,28566.0,1130
2026-05-01,스타 세이비어,iOS,20528.26,,436
2026-05-01,스텔라소라,AOS,22124.18,9248.0,335
2026-05-01,스텔라소라,iOS,18068.19,29005.0,187
2026-05-01,승리의여신: 니케,AOS,,369562.0,
2026-05-01,승리의여신: 니케,iOS,,321666.0,
2026-05-01,이환,AOS,380236.78,417469.0,298999
2026-05-01,이환,iOS,437733.82,773066.0,307049
2026-05-01,카오스 제로 나이트메어,AOS,320147.66,92689.0,4198
2026-05-01,카오스 제로 나이트메어,iOS,262566.97,61507.0,2390
2026-05-02,듀엣 나이트 어비스,AOS,891.22,25188.0,204
2026-05-02,듀엣 나이트 어비스,iOS,1230.51,45923.0,225
2026-05-02,명일방주: 엔드필드,AOS,58940.03,153373.0,6147
2026-05-02,명일방주: 엔드필드,iOS,83948.11,194318.0,6222
2026-05-02,블루 아카이브,AOS,63044.57,222847.0,1586
2026-05-02,블루 아카이브,iOS,43608.35,148990.0,1404
2026-05-02,스타 세이비어,AOS,15591.88,29271.0,1123
2026-05-02,스타 세이비어,iOS,10143.25,,500
2026-05-02,스텔라소라,AOS,15013.18,9901.0,316
2026-05-02,스텔라소라,iOS,10315.69,30931.0,197
2026-05-02,승리의여신: 니케,AOS,,355766.0,
2026-05-02,승리의여신: 니케,iOS,,305393.0,
2026-05-02,이환,AOS,287735.07,473471.0,284257
2026-05-02,이환,iOS,304931.71,793026.0,280878
2026-05-02,카오스 제로 나이트메어,AOS,223812.09,98435.0,4971
2026-05-02,카오스 제로 나이트메어,iOS,141436.40,65764.0,2877
2026-05-03,듀엣 나이트 어비스,AOS,1505.07,24267.0,158
2026-05-03,듀엣 나이트 어비스,iOS,1676.03,48982.0,212
2026-05-03,명일방주: 엔드필드,AOS,48010.17,152054.0,5372
2026-05-03,명일방주: 엔드필드,iOS,74919.70,189478.0,5824
2026-05-03,블루 아카이브,AOS,48288.84,220743.0,1600
2026-05-03,블루 아카이브,iOS,37056.38,147067.0,1395
2026-05-03,스타 세이비어,AOS,13260.00,27979.0,1108
2026-05-03,스타 세이비어,iOS,7382.96,,460
2026-05-03,스텔라소라,AOS,13719.43,9978.0,301
2026-05-03,스텔라소라,iOS,8035.36,28506.0,186
2026-05-03,승리의여신: 니케,AOS,,349072.0,
2026-05-03,승리의여신: 니케,iOS,,297887.0,
2026-05-03,이환,AOS,278619.51,512951.0,269804
2026-05-03,이환,iOS,288438.78,778099.0,217980
2026-05-03,카오스 제로 나이트메어,AOS,213880.87,107316.0,5178
2026-05-03,카오스 제로 나이트메어,iOS,123319.12,76092.0,3178
2026-05-04,듀엣 나이트 어비스,AOS,1721.10,23050.0,158
2026-05-04,듀엣 나이트 어비스,iOS,1831.27,35819.0,184
2026-05-04,명일방주: 엔드필드,AOS,42627.85,146604.0,4409
2026-05-04,명일방주: 엔드필드,iOS,59123.03,157109.0,4652
2026-05-04,블루 아카이브,AOS,43461.80,219098.0,1378
2026-05-04,블루 아카이브,iOS,30445.37,138311.0,1302
2026-05-04,스타 세이비어,AOS,9328.08,25160.0,906
2026-05-04,스타 세이비어,iOS,5235.91,,367
2026-05-04,스텔라소라,AOS,12021.75,9717.0,292
2026-05-04,스텔라소라,iOS,6057.57,27379.0,177
2026-05-04,승리의여신: 니케,AOS,,334288.0,
2026-05-04,승리의여신: 니케,iOS,,281330.0,
2026-05-04,이환,AOS,247317.36,510597.0,208146
2026-05-04,이환,iOS,260852.60,744771.0,158807
2026-05-04,카오스 제로 나이트메어,AOS,152400.24,105832.0,4467
2026-05-04,카오스 제로 나이트메어,iOS,97849.71,71969.0,2553
2026-05-05,듀엣 나이트 어비스,AOS,2271.03,22905.0,151
2026-05-05,듀엣 나이트 어비스,iOS,4951.72,37000.0,189
2026-05-05,명일방주: 엔드필드,AOS,43052.63,137878.0,4340
2026-05-05,명일방주: 엔드필드,iOS,64625.71,144451.0,4228
2026-05-05,블루 아카이브,AOS,49708.88,239111.0,1420
2026-05-05,블루 아카이브,iOS,56659.83,146566.0,1214
2026-05-05,스타 세이비어,AOS,6576.72,24615.0,897
2026-05-05,스타 세이비어,iOS,3878.71,,312
2026-05-05,스텔라소라,AOS,9862.31,9986.0,345
2026-05-05,스텔라소라,iOS,4890.97,24469.0,178
2026-05-05,승리의여신: 니케,AOS,,342562.0,
2026-05-05,승리의여신: 니케,iOS,,280417.0,
2026-05-05,이환,AOS,247750.79,495114.0,164458
2026-05-05,이환,iOS,286184.08,713174.0,132197
2026-05-05,카오스 제로 나이트메어,AOS,114750.24,107708.0,4388
2026-05-05,카오스 제로 나이트메어,iOS,79491.34,73385.0,2598
2026-05-06,듀엣 나이트 어비스,AOS,2614.08,22612.0,110
2026-05-06,듀엣 나이트 어비스,iOS,4026.88,37522.0,157
2026-05-06,명일방주: 엔드필드,AOS,40106.95,143579.0,4153
2026-05-06,명일방주: 엔드필드,iOS,64677.80,138159.0,3878
2026-05-06,블루 아카이브,AOS,49537.54,223420.0,1185
2026-05-06,블루 아카이브,iOS,69146.18,134527.0,987
2026-05-06,스타 세이비어,AOS,5083.71,23575.0,712
2026-05-06,스타 세이비어,iOS,3407.77,,257
2026-05-06,스텔라소라,AOS,8907.91,9642.0,268
2026-05-06,스텔라소라,iOS,4206.33,24746.0,157
2026-05-06,승리의여신: 니케,AOS,,335880.0,
2026-05-06,승리의여신: 니케,iOS,,280405.0,
2026-05-06,이환,AOS,250682.34,480877.0,140173
2026-05-06,이환,iOS,278542.20,685504.0,113838
2026-05-06,카오스 제로 나이트메어,AOS,106241.69,105628.0,4015
2026-05-06,카오스 제로 나이트메어,iOS,78570.11,71271.0,2412
2026-05-07,듀엣 나이트 어비스,AOS,2868.67,23240.0,97
2026-05-07,듀엣 나이트 어비스,iOS,2764.45,34989.0,114
2026-05-07,명일방주: 엔드필드,AOS,38343.87,130982.0,3879
2026-05-07,명일방주: 엔드필드,iOS,53300.09,127519.0,3336
2026-05-07,블루 아카이브,AOS,44834.27,213850.0,1187
2026-05-07,블루 아카이브,iOS,35971.39,128429.0,862
2026-05-07,스타 세이비어,AOS,4049.23,23250.0,598
2026-05-07,스타 세이비어,iOS,4878.45,,231
2026-05-07,스텔라소라,AOS,8046.03,9892.0,225
2026-05-07,스텔라소라,iOS,3946.54,27109.0,114
2026-05-07,승리의여신: 니케,AOS,,333226.0,
2026-05-07,승리의여신: 니케,iOS,,294590.0,
2026-05-07,이환,AOS,264328.90,476036.0,134861
2026-05-07,이환,iOS,644997.39,658188.0,94172
2026-05-07,카오스 제로 나이트메어,AOS,109917.54,102942.0,3436
2026-05-07,카오스 제로 나이트메어,iOS,61810.94,67115.0,1815
2026-05-08,듀엣 나이트 어비스,AOS,3184.06,23750.0,111
2026-05-08,듀엣 나이트 어비스,iOS,2865.67,37905.0,145
2026-05-08,명일방주: 엔드필드,AOS,42039.20,129094.0,4589
2026-05-08,명일방주: 엔드필드,iOS,61454.36,138373.0,3140
2026-05-08,블루 아카이브,AOS,44252.28,212395.0,1295
2026-05-08,블루 아카이브,iOS,21278.71,129745.0,781
2026-05-08,스타 세이비어,AOS,5004.61,25468.0,826
2026-05-08,스타 세이비어,iOS,4756.27,,234
2026-05-08,스텔라소라,AOS,8973.30,9701.0,271
2026-05-08,스텔라소라,iOS,4437.87,25047.0,125
2026-05-08,승리의여신: 니케,AOS,,358416.0,
2026-05-08,승리의여신: 니케,iOS,,314960.0,
2026-05-08,이환,AOS,228507.72,467699.0,120399
2026-05-08,이환,iOS,488394.31,641457.0,87496
2026-05-08,카오스 제로 나이트메어,AOS,99525.07,104170.0,3346
2026-05-08,카오스 제로 나이트메어,iOS,56843.36,69836.0,1684
2026-05-09,듀엣 나이트 어비스,AOS,3202.86,23621.0,123
2026-05-09,듀엣 나이트 어비스,iOS,2643.56,44533.0,165
2026-05-09,명일방주: 엔드필드,AOS,39407.65,137299.0,5133
2026-05-09,명일방주: 엔드필드,iOS,64196.74,151937.0,4187
2026-05-09,블루 아카이브,AOS,37750.94,199799.0,1470
2026-05-09,블루 아카이브,iOS,17110.54,127156.0,946
2026-05-09,스타 세이비어,AOS,4671.39,24263.0,924
2026-05-09,스타 세이비어,iOS,3737.62,,288
2026-05-09,스텔라소라,AOS,9137.00,9898.0,341
2026-05-09,스텔라소라,iOS,4200.38,21254.0,144
2026-05-09,승리의여신: 니케,AOS,,344831.0,
2026-05-09,승리의여신: 니케,iOS,,302514.0,
2026-05-09,이환,AOS,204827.38,465956.0,119222
2026-05-09,이환,iOS,374133.13,611665.0,95063
2026-05-09,카오스 제로 나이트메어,AOS,83094.60,104781.0,3231
2026-05-09,카오스 제로 나이트메어,iOS,54298.19,72934.0,1967
2026-05-10,듀엣 나이트 어비스,AOS,2275.31,22564.0,190
2026-05-10,듀엣 나이트 어비스,iOS,1999.65,46961.0,142
2026-05-10,명일방주: 엔드필드,AOS,34613.89,135583.0,4858
2026-05-10,명일방주: 엔드필드,iOS,57855.42,158212.0,4665
2026-05-10,블루 아카이브,AOS,29378.13,215404.0,1395
2026-05-10,블루 아카이브,iOS,15132.99,140749.0,1144
2026-05-10,스타 세이비어,AOS,4424.61,24493.0,673
2026-05-10,스타 세이비어,iOS,3548.20,,282
2026-05-10,스텔라소라,AOS,9002.34,9624.0,308
2026-05-10,스텔라소라,iOS,4806.65,23632.0,182
2026-05-10,승리의여신: 니케,AOS,,345781.0,
2026-05-10,승리의여신: 니케,iOS,,288816.0,
2026-05-10,이환,AOS,178460.77,467993.0,119239
2026-05-10,이환,iOS,278928.42,571064.0,95839
2026-05-10,카오스 제로 나이트메어,AOS,69557.39,103738.0,2954
2026-05-10,카오스 제로 나이트메어,iOS,52617.26,71471.0,2087
2026-05-11,듀엣 나이트 어비스,AOS,1164.79,22377.0,91
2026-05-11,듀엣 나이트 어비스,iOS,1209.17,36988.0,100
2026-05-11,명일방주: 엔드필드,AOS,31895.33,121776.0,4066
2026-05-11,명일방주: 엔드필드,iOS,50713.80,130967.0,3305
2026-05-11,블루 아카이브,AOS,23911.64,223389.0,1222
2026-05-11,블루 아카이브,iOS,15740.43,138965.0,811
2026-05-11,스타 세이비어,AOS,4189.64,24253.0,680
2026-05-11,스타 세이비어,iOS,4164.51,,156
2026-05-11,스텔라소라,AOS,8695.34,9560.0,287
2026-05-11,스텔라소라,iOS,4895.05,23389.0,132
2026-05-11,승리의여신: 니케,AOS,,317664.0,
2026-05-11,승리의여신: 니케,iOS,,269906.0,
2026-05-11,이환,AOS,300716.18,460828.0,102185
2026-05-11,이환,iOS,217549.68,502276.0,65769
2026-05-11,카오스 제로 나이트메어,AOS,62331.18,105550.0,2142
2026-05-11,카오스 제로 나이트메어,iOS,45717.13,73227.0,1407
2026-05-12,듀엣 나이트 어비스,AOS,906.20,22318.0,86
2026-05-12,듀엣 나이트 어비스,iOS,1227.01,38820.0,80
2026-05-12,명일방주: 엔드필드,AOS,41219.82,131204.0,3711
2026-05-12,명일방주: 엔드필드,iOS,55713.26,134589.0,3130
2026-05-12,블루 아카이브,AOS,22060.47,206188.0,1211
2026-05-12,블루 아카이브,iOS,18091.47,122114.0,805
2026-05-12,스타 세이비어,AOS,8076.88,24592.0,523
2026-05-12,스타 세이비어,iOS,4505.65,,140
2026-05-12,스텔라소라,AOS,11341.31,9237.0,293
2026-05-12,스텔라소라,iOS,5321.85,24238.0,120
2026-05-12,승리의여신: 니케,AOS,,318767.0,
2026-05-12,승리의여신: 니케,iOS,,279896.0,
2026-05-12,이환,AOS,343918.94,454005.0,94826
2026-05-12,이환,iOS,326792.91,473202.0,59632
2026-05-12,카오스 제로 나이트메어,AOS,56842.48,104761.0,1975
2026-05-12,카오스 제로 나이트메어,iOS,41173.96,72981.0,1229
2026-05-13,듀엣 나이트 어비스,AOS,747.92,22370.0,70
2026-05-13,듀엣 나이트 어비스,iOS,1090.88,39795.0,103
2026-05-13,명일방주: 엔드필드,AOS,56752.57,126690.0,3731
2026-05-13,명일방주: 엔드필드,iOS,56901.14,124948.0,3258
2026-05-13,블루 아카이브,AOS,21860.97,211837.0,1449
2026-05-13,블루 아카이브,iOS,14729.93,122318.0,764
2026-05-13,스타 세이비어,AOS,9789.30,24759.0,1002
2026-05-13,스타 세이비어,iOS,4908.66,,236
2026-05-13,스텔라소라,AOS,13899.39,9399.0,417
2026-05-13,스텔라소라,iOS,6099.59,28574.0,138
2026-05-13,승리의여신: 니케,AOS,,319194.0,
2026-05-13,승리의여신: 니케,iOS,,274154.0,
2026-05-13,이환,AOS,362969.65,446322.0,86654
2026-05-13,이환,iOS,710630.25,467427.0,68746
2026-05-13,카오스 제로 나이트메어,AOS,57677.12,105040.0,1935
2026-05-13,카오스 제로 나이트메어,iOS,35038.00,73409.0,1080
2026-05-14,듀엣 나이트 어비스,AOS,852.14,22925.0,123
2026-05-14,듀엣 나이트 어비스,iOS,1090.18,38164.0,92
2026-05-14,명일방주: 엔드필드,AOS,69547.98,136406.0,3726
2026-05-14,명일방주: 엔드필드,iOS,167476.48,135966.0,3438
2026-05-14,블루 아카이브,AOS,24736.95,212501.0,1446
2026-05-14,블루 아카이브,iOS,14305.30,125376.0,763
2026-05-14,스타 세이비어,AOS,11671.86,25858.0,1352
2026-05-14,스타 세이비어,iOS,13825.24,,395
2026-05-14,스텔라소라,AOS,15299.50,9201.0,397
2026-05-14,스텔라소라,iOS,20439.88,28107.0,148
2026-05-14,승리의여신: 니케,AOS,,333134.0,
2026-05-14,승리의여신: 니케,iOS,,289202.0,
2026-05-14,이환,AOS,370950.04,440321.0,80815
2026-05-14,이환,iOS,543051.85,457171.0,53568
2026-05-14,카오스 제로 나이트메어,AOS,57170.38,99230.0,1779
2026-05-14,카오스 제로 나이트메어,iOS,33527.23,66214.0,1062
2026-05-15,듀엣 나이트 어비스,AOS,796.14,23674.0,84
2026-05-15,듀엣 나이트 어비스,iOS,1112.52,41590.0,131
2026-05-15,명일방주: 엔드필드,AOS,82549.82,128429.0,4048
2026-05-15,명일방주: 엔드필드,iOS,167021.11,138955.0,3569
2026-05-15,블루 아카이브,AOS,27467.90,209397.0,1415
2026-05-15,블루 아카이브,iOS,15647.75,121450.0,848
2026-05-15,스타 세이비어,AOS,14514.50,26704.0,1666
2026-05-15,스타 세이비어,iOS,11670.36,,537
2026-05-15,스텔라소라,AOS,18425.97,9322.0,457
2026-05-15,스텔라소라,iOS,21216.73,27688.0,185
2026-05-15,승리의여신: 니케,AOS,,328975.0,
2026-05-15,승리의여신: 니케,iOS,,278111.0,
2026-05-15,이환,AOS,408041.83,473858.0,75262
2026-05-15,이환,iOS,318829.94,447701.0,49559
2026-05-15,카오스 제로 나이트메어,AOS,60261.27,100363.0,2020
2026-05-15,카오스 제로 나이트메어,iOS,33061.42,68788.0,930
2026-05-16,듀엣 나이트 어비스,AOS,705.04,23750.0,162
2026-05-16,듀엣 나이트 어비스,iOS,999.03,46228.0,195
2026-05-16,명일방주: 엔드필드,AOS,83712.05,129786.0,4435
2026-05-16,명일방주: 엔드필드,iOS,143481.86,147234.0,4541
2026-05-16,블루 아카이브,AOS,26499.72,222716.0,1490
2026-05-16,블루 아카이브,iOS,16361.09,135323.0,1267
2026-05-16,스타 세이비어,AOS,14645.31,27425.0,1883
2026-05-16,스타 세이비어,iOS,8096.11,,858
2026-05-16,스텔라소라,AOS,17939.31,9117.0,490
2026-05-16,스텔라소라,iOS,12798.65,27522.0,240
2026-05-16,승리의여신: 니케,AOS,,314710.0,
2026-05-16,승리의여신: 니케,iOS,,269872.0,
2026-05-16,이환,AOS,374747.85,458508.0,75709
2026-05-16,이환,iOS,236847.53,435296.0,61261
2026-05-16,카오스 제로 나이트메어,AOS,54150.85,95170.0,2159
2026-05-16,카오스 제로 나이트메어,iOS,33073.97,63248.0,1160
2026-05-17,듀엣 나이트 어비스,AOS,566.38,22745.0,153
2026-05-17,듀엣 나이트 어비스,iOS,882.46,45905.0,185
2026-05-17,명일방주: 엔드필드,AOS,74952.91,120190.0,3982
2026-05-17,명일방주: 엔드필드,iOS,101473.69,147379.0,4488
2026-05-17,블루 아카이브,AOS,19799.83,229213.0,1268
2026-05-17,블루 아카이브,iOS,13512.24,143847.0,1265
2026-05-17,스타 세이비어,AOS,14039.93,26898.0,1599
2026-05-17,스타 세이비어,iOS,5922.55,,835
2026-05-17,스텔라소라,AOS,15700.20,9369.0,456
2026-05-17,스텔라소라,iOS,7548.53,29358.0,226
2026-05-17,승리의여신: 니케,AOS,,321900.0,
2026-05-17,승리의여신: 니케,iOS,,286486.0,
2026-05-17,이환,AOS,252990.60,411639.0,63053
2026-05-17,이환,iOS,178876.50,391585.0,57932
2026-05-17,카오스 제로 나이트메어,AOS,45381.93,95847.0,1976
2026-05-17,카오스 제로 나이트메어,iOS,32074.92,65164.0,1266
2026-05-18,듀엣 나이트 어비스,AOS,493.02,22154.0,56
2026-05-18,듀엣 나이트 어비스,iOS,758.91,36314.0,101
2026-05-18,명일방주: 엔드필드,AOS,64426.47,122873.0,3040
2026-05-18,명일방주: 엔드필드,iOS,76591.22,135594.0,3160
2026-05-18,블루 아카이브,AOS,19522.98,213046.0,1126
2026-05-18,블루 아카이브,iOS,12941.54,127720.0,818
2026-05-18,스타 세이비어,AOS,10269.52,24844.0,1198
2026-05-18,스타 세이비어,iOS,4140.87,,604
2026-05-18,스텔라소라,AOS,12466.34,9145.0,329
2026-05-18,스텔라소라,iOS,5823.67,28076.0,132
2026-05-18,승리의여신: 니케,AOS,,308737.0,
2026-05-18,승리의여신: 니케,iOS,,266628.0,
2026-05-18,이환,AOS,184501.74,300684.0,46293
2026-05-18,이환,iOS,151199.88,310536.0,39088
2026-05-18,카오스 제로 나이트메어,AOS,38280.37,86021.0,1544
2026-05-18,카오스 제로 나이트메어,iOS,27617.18,55865.0,937
2026-05-19,듀엣 나이트 어비스,AOS,498.28,22210.0,60
2026-05-19,듀엣 나이트 어비스,iOS,749.57,36766.0,107
2026-05-19,명일방주: 엔드필드,AOS,56758.78,122993.0,3265
2026-05-19,명일방주: 엔드필드,iOS,74130.73,135220.0,3109
2026-05-19,블루 아카이브,AOS,27512.00,224128.0,1220
2026-05-19,블루 아카이브,iOS,13907.21,132355.0,813
2026-05-19,스타 세이비어,AOS,6624.06,25523.0,1810
2026-05-19,스타 세이비어,iOS,3147.84,,604
2026-05-19,스텔라소라,AOS,6544.03,9121.0,346
2026-05-19,스텔라소라,iOS,4307.73,28309.0,127
2026-05-19,승리의여신: 니케,AOS,,304308.0,
2026-05-19,승리의여신: 니케,iOS,,256422.0,
2026-05-19,이환,AOS,116538.55,255904.0,39164
2026-05-19,이환,iOS,130073.89,289829.0,31249
2026-05-19,카오스 제로 나이트메어,AOS,36648.29,85920.0,1503
2026-05-19,카오스 제로 나이트메어,iOS,24864.13,55468.0,777
2026-05-20,듀엣 나이트 어비스,AOS,599.25,21868.0,59
2026-05-20,듀엣 나이트 어비스,iOS,890.08,36015.0,99
2026-05-20,명일방주: 엔드필드,AOS,52562.66,124371.0,3130
2026-05-20,명일방주: 엔드필드,iOS,73873.82,121814.0,2810
2026-05-20,블루 아카이브,AOS,29909.38,230172.0,1138
2026-05-20,블루 아카이브,iOS,40006.92,136411.0,794
2026-05-20,스타 세이비어,AOS,5949.92,26012.0,2127
2026-05-20,스타 세이비어,iOS,3314.97,,626
2026-05-20,스텔라소라,AOS,5504.99,8891.0,398
2026-05-20,스텔라소라,iOS,3807.09,29490.0,120
2026-05-20,승리의여신: 니케,AOS,,317661.0,
2026-05-20,승리의여신: 니케,iOS,,276003.0,
2026-05-20,이환,AOS,113192.01,237095.0,32066
2026-05-20,이환,iOS,133007.73,297057.0,24897
2026-05-20,카오스 제로 나이트메어,AOS,38989.48,89655.0,1450
2026-05-20,카오스 제로 나이트메어,iOS,27680.25,60553.0,749
2026-05-21,듀엣 나이트 어비스,AOS,693.14,21818.0,69
2026-05-21,듀엣 나이트 어비스,iOS,928.83,34247.0,97
2026-05-21,명일방주: 엔드필드,AOS,55870.35,113297.0,3083
2026-05-21,명일방주: 엔드필드,iOS,66264.25,117802.0,2711
2026-05-21,블루 아카이브,AOS,34505.33,237713.0,1130
2026-05-21,블루 아카이브,iOS,58710.67,138104.0,790
2026-05-21,스타 세이비어,AOS,6363.89,26469.0,2262
2026-05-21,스타 세이비어,iOS,3496.18,,690
2026-05-21,스텔라소라,AOS,6171.48,8910.0,385
2026-05-21,스텔라소라,iOS,3236.57,28745.0,123
2026-05-21,승리의여신: 니케,AOS,,323808.0,
2026-05-21,승리의여신: 니케,iOS,,274618.0,
2026-05-21,이환,AOS,132028.05,236579.0,25164
2026-05-21,이환,iOS,110275.06,262948.0,21338
2026-05-21,카오스 제로 나이트메어,AOS,45998.64,81940.0,1457
2026-05-21,카오스 제로 나이트메어,iOS,30016.33,52025.0,735
2026-05-22,듀엣 나이트 어비스,AOS,676.09,22918.0,85
2026-05-22,듀엣 나이트 어비스,iOS,1061.49,37968.0,110
2026-05-22,명일방주: 엔드필드,AOS,54178.13,116477.0,3582
2026-05-22,명일방주: 엔드필드,iOS,70192.54,128850.0,3341
2026-05-22,블루 아카이브,AOS,41917.08,234032.0,1209
2026-05-22,블루 아카이브,iOS,32444.55,134826.0,957
2026-05-22,스타 세이비어,AOS,6012.75,28202.0,3164
2026-05-22,스타 세이비어,iOS,3553.44,,660
2026-05-22,스텔라소라,AOS,5310.50,8977.0,333
2026-05-22,스텔라소라,iOS,2723.41,25933.0,103
2026-05-22,승리의여신: 니케,AOS,,308943.0,
2026-05-22,승리의여신: 니케,iOS,,257918.0,
2026-05-22,이환,AOS,120357.58,224634.0,22328
2026-05-22,이환,iOS,101984.62,266355.0,20646
2026-05-22,카오스 제로 나이트메어,AOS,47400.10,85306.0,1878
2026-05-22,카오스 제로 나이트메어,iOS,31786.74,56473.0,841
2026-05-23,듀엣 나이트 어비스,AOS,762.53,23297.0,126
2026-05-23,듀엣 나이트 어비스,iOS,952.90,46771.0,150
2026-05-23,명일방주: 엔드필드,AOS,48213.70,122346.0,4297
2026-05-23,명일방주: 엔드필드,iOS,67393.55,152995.0,5186
2026-05-23,블루 아카이브,AOS,39079.30,231625.0,1482
2026-05-23,블루 아카이브,iOS,26313.77,140421.0,1459
2026-05-23,스타 세이비어,AOS,5450.49,28721.0,3612
2026-05-23,스타 세이비어,iOS,3872.35,,719
2026-05-23,스텔라소라,AOS,4924.75,9136.0,372
2026-05-23,스텔라소라,iOS,2370.34,21751.0,149
2026-05-23,승리의여신: 니케,AOS,,317983.0,
2026-05-23,승리의여신: 니케,iOS,,272254.0,
2026-05-23,이환,AOS,110388.05,254813.0,24488
2026-05-23,이환,iOS,107761.11,344019.0,26111
2026-05-23,카오스 제로 나이트메어,AOS,45691.05,85381.0,2310
2026-05-23,카오스 제로 나이트메어,iOS,31721.68,54817.0,1036
2026-05-24,듀엣 나이트 어비스,AOS,870.23,22289.0,91
2026-05-24,듀엣 나이트 어비스,iOS,1043.94,44059.0,161
2026-05-24,명일방주: 엔드필드,AOS,40355.70,123588.0,3942
2026-05-24,명일방주: 엔드필드,iOS,53800.49,156319.0,5032
2026-05-24,블루 아카이브,AOS,60106.85,227835.0,1549
2026-05-24,블루 아카이브,iOS,26552.37,139999.0,1376
2026-05-24,스타 세이비어,AOS,3853.50,27693.0,3378
2026-05-24,스타 세이비어,iOS,3442.09,,669
2026-05-24,스텔라소라,AOS,4805.83,9422.0,317
2026-05-24,스텔라소라,iOS,3019.88,21530.0,147
2026-05-24,승리의여신: 니케,AOS,,316536.0,
2026-05-24,승리의여신: 니케,iOS,,269055.0,
2026-05-24,이환,AOS,95683.07,261052.0,21139
2026-05-24,이환,iOS,109959.63,382148.0,27633
2026-05-24,카오스 제로 나이트메어,AOS,47641.81,82191.0,2313
2026-05-24,카오스 제로 나이트메어,iOS,33206.14,53940.0,1105
2026-05-25,듀엣 나이트 어비스,AOS,806.24,21340.0,98
2026-05-25,듀엣 나이트 어비스,iOS,913.45,34449.0,83
2026-05-25,명일방주: 엔드필드,AOS,34706.90,109593.0,3428
2026-05-25,명일방주: 엔드필드,iOS,43446.92,122521.0,3747
2026-05-25,블루 아카이브,AOS,79506.69,229222.0,1752
2026-05-25,블루 아카이브,iOS,32657.34,131223.0,982
2026-05-25,스타 세이비어,AOS,5199.44,27046.0,3947
2026-05-25,스타 세이비어,iOS,3061.14,,620
2026-05-25,스텔라소라,AOS,5436.07,9477.0,255
2026-05-25,스텔라소라,iOS,3166.97,22757.0,88
2026-05-25,승리의여신: 니케,AOS,,300020.0,
2026-05-25,승리의여신: 니케,iOS,,250560.0,
2026-05-25,이환,AOS,89899.06,227777.0,18420
2026-05-25,이환,iOS,119287.68,274636.0,20005
2026-05-25,카오스 제로 나이트메어,AOS,58964.21,77610.0,2325
2026-05-25,카오스 제로 나이트메어,iOS,36173.75,49015.0,917
2026-05-26,듀엣 나이트 어비스,AOS,919.89,21519.0,172
2026-05-26,듀엣 나이트 어비스,iOS,1053.44,34520.0,137
2026-05-26,명일방주: 엔드필드,AOS,25668.15,111100.0,3246
2026-05-26,명일방주: 엔드필드,iOS,39231.68,118758.0,3375
2026-05-26,블루 아카이브,AOS,100302.03,254564.0,2180
2026-05-26,블루 아카이브,iOS,91671.16,140872.0,1138
2026-05-26,스타 세이비어,AOS,16817.93,26899.0,5326
2026-05-26,스타 세이비어,iOS,4273.31,,671
2026-05-26,스텔라소라,AOS,5291.46,9600.0,202
2026-05-26,스텔라소라,iOS,5207.84,25069.0,81
2026-05-26,승리의여신: 니케,AOS,,298812.0,
2026-05-26,승리의여신: 니케,iOS,,255369.0,
2026-05-26,이환,AOS,88712.96,220451.0,17256
2026-05-26,이환,iOS,104950.86,259254.0,15391
2026-05-26,카오스 제로 나이트메어,AOS,81236.12,75399.0,2556
2026-05-26,카오스 제로 나이트메어,iOS,61068.92,46776.0,985
2026-05-27,듀엣 나이트 어비스,AOS,1305.42,20944.0,194
2026-05-27,듀엣 나이트 어비스,iOS,1535.56,37904.0,242
2026-05-27,명일방주: 엔드필드,AOS,23013.22,110015.0,3258
2026-05-27,명일방주: 엔드필드,iOS,36986.01,113404.0,3196
2026-05-27,블루 아카이브,AOS,108197.00,296251.0,2554
2026-05-27,블루 아카이브,iOS,146124.68,162293.0,1139
2026-05-27,스타 세이비어,AOS,26546.28,29168.0,10588
2026-05-27,스타 세이비어,iOS,6955.35,,717
2026-05-27,스텔라소라,AOS,5812.56,10020.0,217
2026-05-27,스텔라소라,iOS,4705.28,24624.0,80
2026-05-27,승리의여신: 니케,AOS,,299269.0,
2026-05-27,승리의여신: 니케,iOS,,259950.0,
2026-05-27,이환,AOS,85439.84,207194.0,15448
2026-05-27,이환,iOS,144799.37,294504.0,13073
2026-05-27,카오스 제로 나이트메어,AOS,89591.60,77991.0,2489
2026-05-27,카오스 제로 나이트메어,iOS,151880.15,50448.0,75389
2026-05-28,듀엣 나이트 어비스,AOS,1865.00,20355.0,380
2026-05-28,듀엣 나이트 어비스,iOS,2029.87,36633.0,297
2026-05-28,명일방주: 엔드필드,AOS,25247.46,108883.0,3171
2026-05-28,명일방주: 엔드필드,iOS,29343.34,115645.0,3088
2026-05-28,블루 아카이브,AOS,126455.86,314395.0,2585
2026-05-28,블루 아카이브,iOS,153310.40,165587.0,1124
2026-05-28,스타 세이비어,AOS,29017.37,45030.0,12119
2026-05-28,스타 세이비어,iOS,50906.34,,3362
2026-05-28,스텔라소라,AOS,6456.22,10162.0,211
2026-05-28,스텔라소라,iOS,3946.28,23797.0,88
2026-05-28,승리의여신: 니케,AOS,,313115.0,
2026-05-28,승리의여신: 니케,iOS,,273252.0,
2026-05-28,이환,AOS,106056.11,200974.0,14704
2026-05-28,이환,iOS,782854.07,239031.0,34300
2026-05-28,카오스 제로 나이트메어,AOS,103501.91,77649.0,2385
2026-05-28,카오스 제로 나이트메어,iOS,231926.77,52512.0,143835
2026-05-29,듀엣 나이트 어비스,AOS,2584.20,21896.0,1127
2026-05-29,듀엣 나이트 어비스,iOS,2236.34,43767.0,673
2026-05-29,명일방주: 엔드필드,AOS,23499.57,116740.0,3191
2026-05-29,명일방주: 엔드필드,iOS,30632.71,129272.0,3275
2026-05-29,블루 아카이브,AOS,135618.75,311409.0,2619
2026-05-29,블루 아카이브,iOS,85724.70,162981.0,1251
2026-05-29,스타 세이비어,AOS,37339.34,58364.0,9872
2026-05-29,스타 세이비어,iOS,45301.97,,4792
2026-05-29,스텔라소라,AOS,6603.14,10213.0,174
2026-05-29,스텔라소라,iOS,4134.49,21415.0,96
2026-05-29,승리의여신: 니케,AOS,,298765.0,
2026-05-29,승리의여신: 니케,iOS,,255581.0,
2026-05-29,이환,AOS,103603.88,198563.0,15631
2026-05-29,이환,iOS,453764.72,245446.0,37710
2026-05-29,카오스 제로 나이트메어,AOS,92632.49,78755.0,2389
2026-05-29,카오스 제로 나이트메어,iOS,216716.17,51937.0,106274
2026-05-30,듀엣 나이트 어비스,AOS,2911.34,25417.0,4647
2026-05-30,듀엣 나이트 어비스,iOS,2665.52,47140.0,2010
2026-05-30,명일방주: 엔드필드,AOS,22728.83,106152.0,3390
2026-05-30,명일방주: 엔드필드,iOS,30543.34,148251.0,4226
2026-05-30,블루 아카이브,AOS,118929.84,292187.0,2627
2026-05-30,블루 아카이브,iOS,67023.28,160621.0,1611
2026-05-30,스타 세이비어,AOS,39400.81,60022.0,10525
2026-05-30,스타 세이비어,iOS,26011.48,,3454
2026-05-30,스텔라소라,AOS,7749.22,9932.0,253
2026-05-30,스텔라소라,iOS,4556.00,19973.0,110
2026-05-30,승리의여신: 니케,AOS,,308960.0,
2026-05-30,승리의여신: 니케,iOS,,276938.0,
2026-05-30,이환,AOS,97642.79,223546.0,15521
2026-05-30,이환,iOS,279980.64,355049.0,40868
2026-05-30,카오스 제로 나이트메어,AOS,79867.50,80637.0,2104
2026-05-30,카오스 제로 나이트메어,iOS,177566.22,53028.0,57086
2026-05-31,듀엣 나이트 어비스,AOS,6933.74,29403.0,7686
2026-05-31,듀엣 나이트 어비스,iOS,3579.70,49815.0,3264
2026-05-31,명일방주: 엔드필드,AOS,35041.47,107493.0,3280
2026-05-31,명일방주: 엔드필드,iOS,32486.94,148728.0,4316
2026-05-31,블루 아카이브,AOS,141422.47,314997.0,2338
2026-05-31,블루 아카이브,iOS,51936.79,174983.0,1593
2026-05-31,스타 세이비어,AOS,56687.87,44946.0,9879
2026-05-31,스타 세이비어,iOS,19182.41,,3424
2026-05-31,스텔라소라,AOS,15954.74,10069.0,222
2026-05-31,스텔라소라,iOS,4792.81,20952.0,153
2026-05-31,승리의여신: 니케,AOS,,301642.0,
2026-05-31,승리의여신: 니케,iOS,,271425.0,
2026-05-31,이환,AOS,156787.04,208841.0,14438
2026-05-31,이환,iOS,206592.78,373880.0,33341
2026-05-31,카오스 제로 나이트메어,AOS,98118.35,76866.0,1839
2026-05-31,카오스 제로 나이트메어,iOS,136629.03,49947.0,34236
2026-06-01,듀엣 나이트 어비스,AOS,9678.46,32656.0,8522
2026-06-01,듀엣 나이트 어비스,iOS,5221.37,50226.0,3826
2026-06-01,명일방주: 엔드필드,AOS,33738.36,102774.0,2938
2026-06-01,명일방주: 엔드필드,iOS,45106.83,121010.0,3365
2026-06-01,블루 아카이브,AOS,96876.93,288235.0,1957
2026-06-01,블루 아카이브,iOS,85995.66,144600.0,1164
2026-06-01,스타 세이비어,AOS,53653.30,31505.0,6904
2026-06-01,스타 세이비어,iOS,23259.21,,2314
2026-06-01,스텔라소라,AOS,19743.85,10161.0,331
2026-06-01,스텔라소라,iOS,12383.14,21699.0,77
2026-06-01,승리의여신: 니케,AOS,,277164.0,
2026-06-01,승리의여신: 니케,iOS,,243515.0,
2026-06-01,이환,AOS,255257.48,174944.0,13126
2026-06-01,이환,iOS,257718.91,271916.0,22145
2026-06-01,카오스 제로 나이트메어,AOS,56920.60,72445.0,1381
2026-06-01,카오스 제로 나이트메어,iOS,128248.08,45547.0,19499
2026-06-02,듀엣 나이트 어비스,AOS,7676.49,35442.0,9387
2026-06-02,듀엣 나이트 어비스,iOS,16471.97,52893.0,5295
2026-06-02,명일방주: 엔드필드,AOS,25588.65,106355.0,2672
2026-06-02,명일방주: 엔드필드,iOS,31412.48,113688.0,3143
2026-06-02,블루 아카이브,AOS,66555.34,315573.0,1871
2026-06-02,블루 아카이브,iOS,41776.57,158342.0,1061
2026-06-02,스타 세이비어,AOS,28112.03,32550.0,5977
2026-06-02,스타 세이비어,iOS,5726.11,,418
2026-06-02,스텔라소라,AOS,14160.29,10952.0,286
2026-06-02,스텔라소라,iOS,15649.90,24065.0,91
2026-06-02,승리의여신: 니케,AOS,,283673.0,
2026-06-02,승리의여신: 니케,iOS,,251488.0,
2026-06-02,이환,AOS,433384.77,173111.0,14394
2026-06-02,이환,iOS,272273.62,228568.0,16122
2026-06-02,카오스 제로 나이트메어,AOS,28332.66,69715.0,1244
2026-06-02,카오스 제로 나이트메어,iOS,93184.53,44039.0,8227
2026-06-03,듀엣 나이트 어비스,AOS,7651.47,37251.0,8955
2026-06-03,듀엣 나이트 어비스,iOS,13736.74,55732.0,5489
2026-06-03,명일방주: 엔드필드,AOS,68113.54,108623.0,2931
2026-06-03,명일방주: 엔드필드,iOS,35254.42,109649.0,2883
2026-06-03,블루 아카이브,AOS,58749.41,303707.0,2684
2026-06-03,블루 아카이브,iOS,42322.57,149760.0,975
2026-06-03,스타 세이비어,AOS,22984.37,33899.0,5291
2026-06-03,스타 세이비어,iOS,2672.31,,116
2026-06-03,스텔라소라,AOS,13665.12,11595.0,233
2026-06-03,스텔라소라,iOS,15518.81,24058.0,137
2026-06-03,승리의여신: 니케,AOS,,282630.0,
2026-06-03,승리의여신: 니케,iOS,,247878.0,
2026-06-03,이환,AOS,429856.43,170954.0,15593
2026-06-03,이환,iOS,1054741.05,219855.0,18295
2026-06-03,카오스 제로 나이트메어,AOS,23887.38,66685.0,1172
2026-06-03,카오스 제로 나이트메어,iOS,90753.75,41270.0,9120
2026-06-04,듀엣 나이트 어비스,AOS,7887.22,38045.0,7661
2026-06-04,듀엣 나이트 어비스,iOS,7400.82,50884.0,4454
2026-06-04,명일방주: 엔드필드,AOS,113219.13,107100.0,3101
2026-06-04,명일방주: 엔드필드,iOS,55931.99,115993.0,2808
2026-06-04,블루 아카이브,AOS,56575.14,306468.0,3556
2026-06-04,블루 아카이브,iOS,55354.72,156711.0,877
2026-06-04,스타 세이비어,AOS,19686.21,31617.0,3626
2026-06-04,스타 세이비어,iOS,2832.66,,78
2026-06-04,스텔라소라,AOS,11945.69,12022.0,194
2026-06-04,스텔라소라,iOS,7653.14,23053.0,101
2026-06-04,승리의여신: 니케,AOS,,272666.0,
2026-06-04,승리의여신: 니케,iOS,,241179.0,
2026-06-04,이환,AOS,493554.32,169159.0,16223
2026-06-04,이환,iOS,592085.11,221061.0,17636
2026-06-04,카오스 제로 나이트메어,AOS,20315.55,65798.0,1132
2026-06-04,카오스 제로 나이트메어,iOS,69309.02,42520.0,6105
2026-06-05,듀엣 나이트 어비스,AOS,8652.05,38529.0,7834
2026-06-05,듀엣 나이트 어비스,iOS,8056.81,51630.0,3306
2026-06-05,명일방주: 엔드필드,AOS,145070.76,127426.0,4100
2026-06-05,명일방주: 엔드필드,iOS,577377.77,161767.0,6061
2026-06-05,블루 아카이브,AOS,65409.13,299317.0,5549
2026-06-05,블루 아카이브,iOS,55871.45,150560.0,1117
2026-06-05,스타 세이비어,AOS,19501.21,32705.0,2721
2026-06-05,스타 세이비어,iOS,2313.39,,58
2026-06-05,스텔라소라,AOS,13097.26,12264.0,213
2026-06-05,스텔라소라,iOS,5380.62,19164.0,89
2026-06-05,승리의여신: 니케,AOS,,282248.0,
2026-06-05,승리의여신: 니케,iOS,,251319.0,
2026-06-05,이환,AOS,674727.32,185756.0,20584
2026-06-05,이환,iOS,511244.27,242133.0,17891
2026-06-05,카오스 제로 나이트메어,AOS,20336.35,65911.0,1282
2026-06-05,카오스 제로 나이트메어,iOS,65512.95,41237.0,4810
2026-06-06,듀엣 나이트 어비스,AOS,8621.57,39384.0,7125
2026-06-06,듀엣 나이트 어비스,iOS,6910.53,53384.0,2986
2026-06-06,명일방주: 엔드필드,AOS,165451.87,118143.0,4833
2026-06-06,명일방주: 엔드필드,iOS,372540.80,163366.0,6844
2026-06-06,블루 아카이브,AOS,65477.85,309140.0,7099
2026-06-06,블루 아카이브,iOS,51092.95,165885.0,1594
2026-06-06,스타 세이비어,AOS,16181.89,33469.0,2727
2026-06-06,스타 세이비어,iOS,1908.84,,55
2026-06-06,스텔라소라,AOS,11454.25,12605.0,288
2026-06-06,스텔라소라,iOS,3848.76,18373.0,97
2026-06-06,승리의여신: 니케,AOS,,283111.0,
2026-06-06,승리의여신: 니케,iOS,,257322.0,
2026-06-06,이환,AOS,625450.15,229418.0,25882
2026-06-06,이환,iOS,298655.34,345811.0,23032
2026-06-06,카오스 제로 나이트메어,AOS,18182.03,65834.0,1376
2026-06-06,카오스 제로 나이트메어,iOS,60257.48,42270.0,4821
2026-06-07,듀엣 나이트 어비스,AOS,5428.61,34285.0,3513
2026-06-07,듀엣 나이트 어비스,iOS,5694.79,50676.0,2536
2026-06-07,명일방주: 엔드필드,AOS,151085.96,117317.0,4733
2026-06-07,명일방주: 엔드필드,iOS,224271.02,157365.0,5991
2026-06-07,블루 아카이브,AOS,78250.07,304223.0,8596
2026-06-07,블루 아카이브,iOS,46603.43,162574.0,1633
2026-06-07,스타 세이비어,AOS,12482.90,30800.0,1819
2026-06-07,스타 세이비어,iOS,1505.33,,39
2026-06-07,스텔라소라,AOS,7415.68,12623.0,263
2026-06-07,스텔라소라,iOS,3155.61,20628.0,115
2026-06-07,승리의여신: 니케,AOS,,282773.0,
2026-06-07,승리의여신: 니케,iOS,,253703.0,
2026-06-07,이환,AOS,419432.70,237572.0,26205
2026-06-07,이환,iOS,234369.37,370255.0,22519
2026-06-07,카오스 제로 나이트메어,AOS,17236.57,61678.0,1278
2026-06-07,카오스 제로 나이트메어,iOS,47743.73,39739.0,3926
2026-06-08,듀엣 나이트 어비스,AOS,4507.80,32462.0,2282
2026-06-08,듀엣 나이트 어비스,iOS,4925.94,38168.0,1411
2026-06-08,명일방주: 엔드필드,AOS,145879.41,108507.0,4078
2026-06-08,명일방주: 엔드필드,iOS,114890.08,129694.0,4237
2026-06-08,블루 아카이브,AOS,119271.57,317052.0,10418
2026-06-08,블루 아카이브,iOS,43360.08,158821.0,1230
2026-06-08,스타 세이비어,AOS,11751.20,28019.0,1530
2026-06-08,스타 세이비어,iOS,1474.22,,44
2026-06-08,스텔라소라,AOS,3982.39,12180.0,222
2026-06-08,스텔라소라,iOS,2001.45,20044.0,74
2026-06-08,승리의여신: 니케,AOS,,272993.0,
2026-06-08,승리의여신: 니케,iOS,,239047.0,
2026-06-08,이환,AOS,199000.31,220253.0,23120
2026-06-08,이환,iOS,169059.35,279351.0,17339
2026-06-08,카오스 제로 나이트메어,AOS,14482.19,60700.0,1154
2026-06-08,카오스 제로 나이트메어,iOS,40092.90,37550.0,2898
2026-06-09,듀엣 나이트 어비스,AOS,4532.44,32721.0,1328
2026-06-09,듀엣 나이트 어비스,iOS,4991.07,44557.0,1047
2026-06-09,명일방주: 엔드필드,AOS,111667.73,116212.0,3804
2026-06-09,명일방주: 엔드필드,iOS,82848.79,128917.0,4156
2026-06-09,블루 아카이브,AOS,150764.00,351177.0,11582
2026-06-09,블루 아카이브,iOS,121396.75,163316.0,1268
2026-06-09,스타 세이비어,AOS,22208.46,28393.0,1431
2026-06-09,스타 세이비어,iOS,2436.42,,39
2026-06-09,스텔라소라,AOS,3783.11,11283.0,225
2026-06-09,스텔라소라,iOS,1771.46,17885.0,75
2026-06-09,승리의여신: 니케,AOS,,274875.0,
2026-06-09,승리의여신: 니케,iOS,,240555.0,
2026-06-09,이환,AOS,159410.10,218696.0,20120
2026-06-09,이환,iOS,159302.31,236582.0,15746
2026-06-09,카오스 제로 나이트메어,AOS,13092.64,57778.0,1099
2026-06-09,카오스 제로 나이트메어,iOS,38306.57,35636.0,2552
2026-06-10,듀엣 나이트 어비스,AOS,4003.96,29488.0,720
2026-06-10,듀엣 나이트 어비스,iOS,4583.18,44351.0,954
2026-06-10,명일방주: 엔드필드,AOS,66089.53,109428.0,3707
2026-06-10,명일방주: 엔드필드,iOS,77206.10,117226.0,3798
2026-06-10,블루 아카이브,AOS,167271.64,343542.0,10639
2026-06-10,블루 아카이브,iOS,175765.78,167693.0,1232
2026-06-10,스타 세이비어,AOS,25050.17,27638.0,1515
2026-06-10,스타 세이비어,iOS,2569.85,,43
2026-06-10,스텔라소라,AOS,3400.94,10985.0,179
2026-06-10,스텔라소라,iOS,2401.29,17689.0,84
2026-06-10,승리의여신: 니케,AOS,,275851.0,
2026-06-10,승리의여신: 니케,iOS,,242259.0,
2026-06-10,이환,AOS,150595.81,218772.0,18697
2026-06-10,이환,iOS,179708.35,236742.0,14495
2026-06-10,카오스 제로 나이트메어,AOS,12903.89,54903.0,977
2026-06-10,카오스 제로 나이트메어,iOS,61290.96,34877.0,2457
2026-06-11,듀엣 나이트 어비스,AOS,4138.82,27707.0,389
2026-06-11,듀엣 나이트 어비스,iOS,3512.36,36512.0,798
2026-06-11,명일방주: 엔드필드,AOS,52460.58,111731.0,3624
2026-06-11,명일방주: 엔드필드,iOS,50126.35,119092.0,3634
2026-06-11,블루 아카이브,AOS,190545.05,323671.0,7279
2026-06-11,블루 아카이브,iOS,146079.66,155272.0,1162
2026-06-11,스타 세이비어,AOS,25015.35,26608.0,1067
2026-06-11,스타 세이비어,iOS,2726.57,,7
2026-06-11,스텔라소라,AOS,3682.24,11005.0,197
2026-06-11,스텔라소라,iOS,2018.12,18336.0,67
2026-06-11,승리의여신: 니케,AOS,,284066.0,
2026-06-11,승리의여신: 니케,iOS,,246190.0,
2026-06-11,이환,AOS,144426.26,211671.0,16584
2026-06-11,이환,iOS,132913.84,236249.0,12417
2026-06-11,카오스 제로 나이트메어,AOS,12637.15,54458.0,1040
2026-06-11,카오스 제로 나이트메어,iOS,39185.56,35284.0,2336
2026-06-12,듀엣 나이트 어비스,AOS,3907.24,28566.0,362
2026-06-12,듀엣 나이트 어비스,iOS,4016.03,37009.0,723
2026-06-12,명일방주: 엔드필드,AOS,42419.11,99981.0,3612
2026-06-12,명일방주: 엔드필드,iOS,48766.77,142690.0,3499
2026-06-12,블루 아카이브,AOS,220834.48,307779.0,4844
2026-06-12,블루 아카이브,iOS,108027.37,151118.0,1208
2026-06-12,스타 세이비어,AOS,31996.61,27366.0,1226
2026-06-12,스타 세이비어,iOS,3703.39,,8
2026-06-12,스텔라소라,AOS,3892.89,10767.0,240
2026-06-12,스텔라소라,iOS,2137.79,17908.0,67
2026-06-12,승리의여신: 니케,AOS,,271399.0,
2026-06-12,승리의여신: 니케,iOS,,240566.0,
2026-06-12,이환,AOS,138102.54,223595.0,16496
2026-06-12,이환,iOS,135127.21,243789.0,11576
2026-06-12,카오스 제로 나이트메어,AOS,13849.35,52339.0,1147
2026-06-12,카오스 제로 나이트메어,iOS,39716.62,32957.0,2030
2026-06-13,듀엣 나이트 어비스,AOS,3886.12,29382.0,268
2026-06-13,듀엣 나이트 어비스,iOS,4524.73,41075.0,858
2026-06-13,명일방주: 엔드필드,AOS,32806.15,101196.0,4038
2026-06-13,명일방주: 엔드필드,iOS,45667.43,153716.0,4603
2026-06-13,블루 아카이브,AOS,197117.10,313456.0,3565
2026-06-13,블루 아카이브,iOS,67154.33,158628.0,1647
2026-06-13,스타 세이비어,AOS,26879.30,28057.0,1335
2026-06-13,스타 세이비어,iOS,2658.20,,0
2026-06-13,스텔라소라,AOS,4144.76,10211.0,262
2026-06-13,스텔라소라,iOS,3353.82,19570.0,92
2026-06-13,승리의여신: 니케,AOS,,275730.0,
2026-06-13,승리의여신: 니케,iOS,,248233.0,
2026-06-13,이환,AOS,124849.19,247303.0,16199
2026-06-13,이환,iOS,111662.78,329364.0,14632
2026-06-13,카오스 제로 나이트메어,AOS,15217.93,51203.0,1292
2026-06-13,카오스 제로 나이트메어,iOS,34598.74,31939.0,2294
2026-06-14,듀엣 나이트 어비스,AOS,3373.86,26922.0,206
2026-06-14,듀엣 나이트 어비스,iOS,3707.83,40480.0,817
2026-06-14,명일방주: 엔드필드,AOS,30437.74,101174.0,3769
2026-06-14,명일방주: 엔드필드,iOS,39626.45,148560.0,4268
2026-06-14,블루 아카이브,AOS,177739.25,293689.0,3127
2026-06-14,블루 아카이브,iOS,59915.31,150395.0,1508
2026-06-14,스타 세이비어,AOS,25258.45,25944.0,1071
2026-06-14,스타 세이비어,iOS,2477.25,,0
2026-06-14,스텔라소라,AOS,3630.01,9972.0,212
2026-06-14,스텔라소라,iOS,2970.89,19278.0,89
2026-06-14,승리의여신: 니케,AOS,,282350.0,
2026-06-14,승리의여신: 니케,iOS,,257420.0,
2026-06-14,이환,AOS,104538.20,241903.0,14737
2026-06-14,이환,iOS,102433.99,336336.0,13503
2026-06-14,카오스 제로 나이트메어,AOS,14636.09,49299.0,1123
2026-06-14,카오스 제로 나이트메어,iOS,31195.22,30195.0,2079
2026-06-15,듀엣 나이트 어비스,AOS,2944.63,26088.0,200
2026-06-15,듀엣 나이트 어비스,iOS,3610.98,35181.0,657
2026-06-15,명일방주: 엔드필드,AOS,27392.95,97980.0,3361
2026-06-15,명일방주: 엔드필드,iOS,31326.02,118920.0,3331
2026-06-15,블루 아카이브,AOS,169792.07,289568.0,2864
2026-06-15,블루 아카이브,iOS,64612.41,144069.0,1232
2026-06-15,스타 세이비어,AOS,22583.65,24713.0,944
2026-06-15,스타 세이비어,iOS,2109.07,,0
2026-06-15,스텔라소라,AOS,3108.13,10335.0,183
2026-06-15,스텔라소라,iOS,2888.49,18594.0,73
2026-06-15,승리의여신: 니케,AOS,,278135.0,
2026-06-15,승리의여신: 니케,iOS,,249425.0,
2026-06-15,이환,AOS,102133.94,203659.0,11348
2026-06-15,이환,iOS,108350.82,254317.0,9929
2026-06-15,카오스 제로 나이트메어,AOS,12509.71,48345.0,1029
2026-06-15,카오스 제로 나이트메어,iOS,26195.07,28811.0,1650
2026-06-16,듀엣 나이트 어비스,AOS,3258.57,,199
2026-06-16,듀엣 나이트 어비스,iOS,3958.34,,626
2026-06-16,명일방주: 엔드필드,AOS,29133.69,,3319
2026-06-16,명일방주: 엔드필드,iOS,35620.85,,3208
2026-06-16,블루 아카이브,AOS,171218.53,,2857
2026-06-16,블루 아카이브,iOS,51405.78,,1104
2026-06-16,스타 세이비어,AOS,23677.60,,932
2026-06-16,스타 세이비어,iOS,2177.23,,0
2026-06-16,스텔라소라,AOS,3532.48,,188
2026-06-16,스텔라소라,iOS,3494.95,,93
2026-06-16,이환,AOS,86143.61,198526.0,10290
2026-06-16,이환,iOS,119368.46,227901.0,9248
2026-06-16,카오스 제로 나이트메어,AOS,12935.34,,1035
2026-06-16,카오스 제로 나이트메어,iOS,59595.79,,1563
2026-06-17,이환,AOS,88839.30,201779.0,10382
2026-06-17,이환,iOS,134103.92,236988.0,8908
2026-06-18,이환,AOS,102262.71,197899.0,10760
2026-06-18,이환,iOS,140541.78,230247.0,9722
2026-06-19,이환,AOS,109883.52,211435.0,11901
2026-06-19,이환,iOS,128575.48,231334.0,9694
2026-06-20,이환,AOS,100218.06,,12406
2026-06-20,이환,iOS,114037.05,,12239
